dummy_country,dummy_sales_parent,dummy_brand,dummy_nameplate,dummy_propulsion_system,dummy_segment,dummy_sub_segment,dummy_platform,dummy_s_program_name,dummy_power_kw,report_month,sales_volume
Germany,Skoda,Volkswagen,Arteon,ICE,D,Van,F2,DB20,180,2024-01,79
Germany,Skoda,Volkswagen,Arteon,ICE,D,Van,F2,DB20,180,2024-02,96
Germany,Skoda,Volkswagen,Arteon,ICE,D,Van,F2,DB20,180,2024-03,83
Germany,Skoda,Volkswagen,Arteon,ICE,D,Van,F2,DB20,180,2024-04,48
Germany,Skoda,Volkswagen,Arteon,ICE,D,Van,F2,DB20,180,2024-05,90
Germany,Skoda,Volkswagen,Arteon,ICE,D,Van,F2,DB20,180,2024-06,23
Germany,Skoda,Volkswagen,Arteon,ICE,D,Van,F2,DB20,180,2024-07,47
Germany,Skoda,Volkswagen,Arteon,ICE,D,Van,F2,DB20,180,2024-08,19
Germany,Skoda,Volkswagen,Arteon,ICE,D,Van,F2,DB20,180,2024-09,37
Germany,Skoda,Volkswagen,Arteon,ICE,D,Van,F2,DB20,180,2024-10,64
Germany,Skoda,Volkswagen,Arteon,ICE,D,Van,F2,DB20,180,2024-11,30
Germany,Skoda,Volkswagen,Arteon,ICE,D,Van,F2,DB20,180,2024-12,91
Germany,Skoda,Volkswagen,Arteon,ICE,D,Van,F2,DB20,180,2025-01,9
Germany,Skoda,Volkswagen,Arteon,ICE,D,Van,F2,DB20,180,2025-02,21
Germany,Skoda,Volkswagen,Arteon,ICE,D,Van,F2,DB20,180,2025-03,63
Germany,Skoda,Volkswagen,Arteon,ICE,D,Van,F2,DB20,180,2025-04,23
Germany,Skoda,Volkswagen,Arteon,ICE,D,Van,F2,DB20,180,2025-05,99
Germany,Skoda,Volkswagen,Arteon,ICE,D,Van,F2,DB20,180,2025-06,57
Germany,Skoda,Volkswagen,Arteon,ICE,D,Van,F2,DB20,180,2025-07,7
Germany,Skoda,Volkswagen,Arteon,ICE,D,Van,F2,DB20,180,2025-08,55
Germany,Skoda,Volkswagen,Arteon,ICE,D,Van,F2,DB20,180,2025-09,46
Germany,Skoda,Volkswagen,Arteon,ICE,D,Van,F2,DB20,180,2025-10,86
Germany,Skoda,Volkswagen,Arteon,ICE,D,Van,F2,DB20,180,2025-11,13
Germany,Skoda,Volkswagen,Arteon,ICE,D,Van,F2,DB20,180,2025-12,76
Germany,Skoda,Volkswagen,Arteon,ICE,D,Van,F2,DB20,180,2026-01,49
Germany,Skoda,Volkswagen,Arteon,ICE,D,Van,F2,DB20,180,2026-02,85
Germany,Skoda,Volkswagen,Arteon,ICE,D,Van,F2,DB20,180,2026-03,78
Germany,Skoda,Volkswagen,Arteon,ICE,D,Van,F2,DB20,180,2026-04,96
Germany,Skoda,Volkswagen,Arteon,ICE,D,Van,F2,DB20,180,2026-05,67
Germany,Skoda,Volkswagen,Arteon,ICE,D,Van,F2,DB20,180,2026-06,81
Germany,Skoda,Volkswagen,Arteon,ICE,D,Van,F2,DB20,180,2026-07,96
Germany,Skoda,Volkswagen,Arteon,ICE,D,Van,F2,DB20,180,2026-08,1
Germany,Skoda,Volkswagen,Arteon,ICE,D,Van,F2,DB20,180,2026-09,70
Germany,Skoda,Volkswagen,Arteon,ICE,D,Van,F2,DB20,180,2026-10,49
Germany,Skoda,Volkswagen,Arteon,ICE,D,Van,F2,DB20,180,2026-11,86
Germany,Skoda,Volkswagen,Arteon,ICE,D,Van,F2,DB20,180,2026-12,63
Germany,Skoda,Volkswagen,Arteon,ICE,D,Van,F2,DB20,180,2027-01,34
Germany,Skoda,Volkswagen,Arteon,ICE,D,Van,F2,DB20,180,2027-02,66
Germany,Skoda,Volkswagen,Arteon,ICE,D,Van,F2,DB20,180,2027-03,87
Germany,Skoda,Volkswagen,Arteon,ICE,D,Van,F2,DB20,180,2027-04,56
Germany,Skoda,Volkswagen,Arteon,ICE,D,Van,F2,DB20,180,2027-05,43
Germany,Skoda,Volkswagen,Arteon,ICE,D,Van,F2,DB20,180,2027-06,27
Germany,Skoda,Volkswagen,Arteon,ICE,D,Van,F2,DB20,180,2027-07,25
Germany,Skoda,Volkswagen,Arteon,ICE,D,Van,F2,DB20,180,2027-08,77
Germany,Skoda,Volkswagen,Arteon,ICE,D,Van,F2,DB20,180,2027-09,40
Germany,Skoda,Volkswagen,Arteon,ICE,D,Van,F2,DB20,180,2027-10,1
Germany,Skoda,Volkswagen,Arteon,ICE,D,Van,F2,DB20,180,2027-11,17
Germany,Skoda,Volkswagen,Arteon,ICE,D,Van,F2,DB20,180,2027-12,18
Germany,Skoda,Volkswagen,Eos,ICE,D,Sedan,F2,DB20,160,2024-01,20
Germany,Skoda,Volkswagen,Eos,ICE,D,Sedan,F2,DB20,160,2024-02,24
Germany,Skoda,Volkswagen,Eos,ICE,D,Sedan,F2,DB20,160,2024-03,5
Germany,Skoda,Volkswagen,Eos,ICE,D,Sedan,F2,DB20,160,2024-04,72
Germany,Skoda,Volkswagen,Eos,ICE,D,Sedan,F2,DB20,160,2024-05,16
Germany,Skoda,Volkswagen,Eos,ICE,D,Sedan,F2,DB20,160,2024-06,61
Germany,Skoda,Volkswagen,Eos,ICE,D,Sedan,F2,DB20,160,2024-07,68
Germany,Skoda,Volkswagen,Eos,ICE,D,Sedan,F2,DB20,160,2024-08,96
Germany,Skoda,Volkswagen,Eos,ICE,D,Sedan,F2,DB20,160,2024-09,96
Germany,Skoda,Volkswagen,Eos,ICE,D,Sedan,F2,DB20,160,2024-10,59
Germany,Skoda,Volkswagen,Eos,ICE,D,Sedan,F2,DB20,160,2024-11,97
Germany,Skoda,Volkswagen,Eos,ICE,D,Sedan,F2,DB20,160,2024-12,7
Germany,Skoda,Volkswagen,Eos,ICE,D,Sedan,F2,DB20,160,2025-01,25
Germany,Skoda,Volkswagen,Eos,ICE,D,Sedan,F2,DB20,160,2025-02,99
Germany,Skoda,Volkswagen,Eos,ICE,D,Sedan,F2,DB20,160,2025-03,72
Germany,Skoda,Volkswagen,Eos,ICE,D,Sedan,F2,DB20,160,2025-04,44
Germany,Skoda,Volkswagen,Eos,ICE,D,Sedan,F2,DB20,160,2025-05,95
Germany,Skoda,Volkswagen,Eos,ICE,D,Sedan,F2,DB20,160,2025-06,81
Germany,Skoda,Volkswagen,Eos,ICE,D,Sedan,F2,DB20,160,2025-07,83
Germany,Skoda,Volkswagen,Eos,ICE,D,Sedan,F2,DB20,160,2025-08,1
Germany,Skoda,Volkswagen,Eos,ICE,D,Sedan,F2,DB20,160,2025-09,50
Germany,Skoda,Volkswagen,Eos,ICE,D,Sedan,F2,DB20,160,2025-10,75
Germany,Skoda,Volkswagen,Eos,ICE,D,Sedan,F2,DB20,160,2025-11,14
Germany,Skoda,Volkswagen,Eos,ICE,D,Sedan,F2,DB20,160,2025-12,22
Germany,Skoda,Volkswagen,Eos,ICE,D,Sedan,F2,DB20,160,2026-01,36
Germany,Skoda,Volkswagen,Eos,ICE,D,Sedan,F2,DB20,160,2026-02,48
Germany,Skoda,Volkswagen,Eos,ICE,D,Sedan,F2,DB20,160,2026-03,73
Germany,Skoda,Volkswagen,Eos,ICE,D,Sedan,F2,DB20,160,2026-04,13
Germany,Skoda,Volkswagen,Eos,ICE,D,Sedan,F2,DB20,160,2026-05,63
Germany,Skoda,Volkswagen,Eos,ICE,D,Sedan,F2,DB20,160,2026-06,78
Germany,Skoda,Volkswagen,Eos,ICE,D,Sedan,F2,DB20,160,2026-07,24
Germany,Skoda,Volkswagen,Eos,ICE,D,Sedan,F2,DB20,160,2026-08,5
Germany,Skoda,Volkswagen,Eos,ICE,D,Sedan,F2,DB20,160,2026-09,73
Germany,Skoda,Volkswagen,Eos,ICE,D,Sedan,F2,DB20,160,2026-10,8
Germany,Skoda,Volkswagen,Eos,ICE,D,Sedan,F2,DB20,160,2026-11,21
Germany,Skoda,Volkswagen,Eos,ICE,D,Sedan,F2,DB20,160,2026-12,80
Germany,Skoda,Volkswagen,Eos,ICE,D,Sedan,F2,DB20,160,2027-01,6
Germany,Skoda,Volkswagen,Eos,ICE,D,Sedan,F2,DB20,160,2027-02,78
Germany,Skoda,Volkswagen,Eos,ICE,D,Sedan,F2,DB20,160,2027-03,55
Germany,Skoda,Volkswagen,Eos,ICE,D,Sedan,F2,DB20,160,2027-04,41
Germany,Skoda,Volkswagen,Eos,ICE,D,Sedan,F2,DB20,160,2027-05,54
Germany,Skoda,Volkswagen,Eos,ICE,D,Sedan,F2,DB20,160,2027-06,100
Germany,Skoda,Volkswagen,Eos,ICE,D,Sedan,F2,DB20,160,2027-07,84
Germany,Skoda,Volkswagen,Eos,ICE,D,Sedan,F2,DB20,160,2027-08,58
Germany,Skoda,Volkswagen,Eos,ICE,D,Sedan,F2,DB20,160,2027-09,40
Germany,Skoda,Volkswagen,Eos,ICE,D,Sedan,F2,DB20,160,2027-10,84
Germany,Skoda,Volkswagen,Eos,ICE,D,Sedan,F2,DB20,160,2027-11,80
Germany,Skoda,Volkswagen,Eos,ICE,D,Sedan,F2,DB20,160,2027-12,20
Germany,Skoda,Volkswagen,Arteon,BEV,D,Van,F8,X2G6,0,2024-01,27
Germany,Skoda,Volkswagen,Arteon,BEV,D,Van,F8,X2G6,0,2024-02,14
Germany,Skoda,Volkswagen,Arteon,BEV,D,Van,F8,X2G6,0,2024-03,73
Germany,Skoda,Volkswagen,Arteon,BEV,D,Van,F8,X2G6,0,2024-04,16
Germany,Skoda,Volkswagen,Arteon,BEV,D,Van,F8,X2G6,0,2024-05,68
Germany,Skoda,Volkswagen,Arteon,BEV,D,Van,F8,X2G6,0,2024-06,32
Germany,Skoda,Volkswagen,Arteon,BEV,D,Van,F8,X2G6,0,2024-07,34
Germany,Skoda,Volkswagen,Arteon,BEV,D,Van,F8,X2G6,0,2024-08,1
Germany,Skoda,Volkswagen,Arteon,BEV,D,Van,F8,X2G6,0,2024-09,8
Germany,Skoda,Volkswagen,Arteon,BEV,D,Van,F8,X2G6,0,2024-10,2
Germany,Skoda,Volkswagen,Arteon,BEV,D,Van,F8,X2G6,0,2024-11,13
Germany,Skoda,Volkswagen,Arteon,BEV,D,Van,F8,X2G6,0,2024-12,53
Germany,Skoda,Volkswagen,Arteon,BEV,D,Van,F8,X2G6,0,2025-01,65
Germany,Skoda,Volkswagen,Arteon,BEV,D,Van,F8,X2G6,0,2025-02,26
Germany,Skoda,Volkswagen,Arteon,BEV,D,Van,F8,X2G6,0,2025-03,64
Germany,Skoda,Volkswagen,Arteon,BEV,D,Van,F8,X2G6,0,2025-04,40
Germany,Skoda,Volkswagen,Arteon,BEV,D,Van,F8,X2G6,0,2025-05,36
Germany,Skoda,Volkswagen,Arteon,BEV,D,Van,F8,X2G6,0,2025-06,32
Germany,Skoda,Volkswagen,Arteon,BEV,D,Van,F8,X2G6,0,2025-07,51
Germany,Skoda,Volkswagen,Arteon,BEV,D,Van,F8,X2G6,0,2025-08,40
Germany,Skoda,Volkswagen,Arteon,BEV,D,Van,F8,X2G6,0,2025-09,40
Germany,Skoda,Volkswagen,Arteon,BEV,D,Van,F8,X2G6,0,2025-10,7
Germany,Skoda,Volkswagen,Arteon,BEV,D,Van,F8,X2G6,0,2025-11,28
Germany,Skoda,Volkswagen,Arteon,BEV,D,Van,F8,X2G6,0,2025-12,53
Germany,Skoda,Volkswagen,Arteon,BEV,D,Van,F8,X2G6,0,2026-01,13
Germany,Skoda,Volkswagen,Arteon,BEV,D,Van,F8,X2G6,0,2026-02,32
Germany,Skoda,Volkswagen,Arteon,BEV,D,Van,F8,X2G6,0,2026-03,22
Germany,Skoda,Volkswagen,Arteon,BEV,D,Van,F8,X2G6,0,2026-04,71
Germany,Skoda,Volkswagen,Arteon,BEV,D,Van,F8,X2G6,0,2026-05,1
Germany,Skoda,Volkswagen,Arteon,BEV,D,Van,F8,X2G6,0,2026-06,59
Germany,Skoda,Volkswagen,Arteon,BEV,D,Van,F8,X2G6,0,2026-07,46
Germany,Skoda,Volkswagen,Arteon,BEV,D,Van,F8,X2G6,0,2026-08,60
Germany,Skoda,Volkswagen,Arteon,BEV,D,Van,F8,X2G6,0,2026-09,6
Germany,Skoda,Volkswagen,Arteon,BEV,D,Van,F8,X2G6,0,2026-10,5
Germany,Skoda,Volkswagen,Arteon,BEV,D,Van,F8,X2G6,0,2026-11,61
Germany,Skoda,Volkswagen,Arteon,BEV,D,Van,F8,X2G6,0,2026-12,59
Germany,Skoda,Volkswagen,Arteon,BEV,D,Van,F8,X2G6,0,2027-01,33
Germany,Skoda,Volkswagen,Arteon,BEV,D,Van,F8,X2G6,0,2027-02,9
Germany,Skoda,Volkswagen,Arteon,BEV,D,Van,F8,X2G6,0,2027-03,39
Germany,Skoda,Volkswagen,Arteon,BEV,D,Van,F8,X2G6,0,2027-04,18
Germany,Skoda,Volkswagen,Arteon,BEV,D,Van,F8,X2G6,0,2027-05,9
Germany,Skoda,Volkswagen,Arteon,BEV,D,Van,F8,X2G6,0,2027-06,31
Germany,Skoda,Volkswagen,Arteon,BEV,D,Van,F8,X2G6,0,2027-07,49
Germany,Skoda,Volkswagen,Arteon,BEV,D,Van,F8,X2G6,0,2027-08,69
Germany,Skoda,Volkswagen,Arteon,BEV,D,Van,F8,X2G6,0,2027-09,46
Germany,Skoda,Volkswagen,Arteon,BEV,D,Van,F8,X2G6,0,2027-10,50
Germany,Skoda,Volkswagen,Arteon,BEV,D,Van,F8,X2G6,0,2027-11,23
Germany,Skoda,Volkswagen,Arteon,BEV,D,Van,F8,X2G6,0,2027-12,51
Germany,Skoda,Skoda,Enyaq,BEV,B,Sedan,F8,X2G6,0,2024-01,71
Germany,Skoda,Skoda,Enyaq,BEV,B,Sedan,F8,X2G6,0,2024-02,15
Germany,Skoda,Skoda,Enyaq,BEV,B,Sedan,F8,X2G6,0,2024-03,13
Germany,Skoda,Skoda,Enyaq,BEV,B,Sedan,F8,X2G6,0,2024-04,35
Germany,Skoda,Skoda,Enyaq,BEV,B,Sedan,F8,X2G6,0,2024-05,35
Germany,Skoda,Skoda,Enyaq,BEV,B,Sedan,F8,X2G6,0,2024-06,9
Germany,Skoda,Skoda,Enyaq,BEV,B,Sedan,F8,X2G6,0,2024-07,33
Germany,Skoda,Skoda,Enyaq,BEV,B,Sedan,F8,X2G6,0,2024-08,66
Germany,Skoda,Skoda,Enyaq,BEV,B,Sedan,F8,X2G6,0,2024-09,61
Germany,Skoda,Skoda,Enyaq,BEV,B,Sedan,F8,X2G6,0,2024-10,88
Germany,Skoda,Skoda,Enyaq,BEV,B,Sedan,F8,X2G6,0,2024-11,31
Germany,Skoda,Skoda,Enyaq,BEV,B,Sedan,F8,X2G6,0,2024-12,25
Germany,Skoda,Skoda,Enyaq,BEV,B,Sedan,F8,X2G6,0,2025-01,78
Germany,Skoda,Skoda,Enyaq,BEV,B,Sedan,F8,X2G6,0,2025-02,45
Germany,Skoda,Skoda,Enyaq,BEV,B,Sedan,F8,X2G6,0,2025-03,48
Germany,Skoda,Skoda,Enyaq,BEV,B,Sedan,F8,X2G6,0,2025-04,2
Germany,Skoda,Skoda,Enyaq,BEV,B,Sedan,F8,X2G6,0,2025-05,43
Germany,Skoda,Skoda,Enyaq,BEV,B,Sedan,F8,X2G6,0,2025-06,31
Germany,Skoda,Skoda,Enyaq,BEV,B,Sedan,F8,X2G6,0,2025-07,100
Germany,Skoda,Skoda,Enyaq,BEV,B,Sedan,F8,X2G6,0,2025-08,67
Germany,Skoda,Skoda,Enyaq,BEV,B,Sedan,F8,X2G6,0,2025-09,89
Germany,Skoda,Skoda,Enyaq,BEV,B,Sedan,F8,X2G6,0,2025-10,39
Germany,Skoda,Skoda,Enyaq,BEV,B,Sedan,F8,X2G6,0,2025-11,50
Germany,Skoda,Skoda,Enyaq,BEV,B,Sedan,F8,X2G6,0,2025-12,44
Germany,Skoda,Skoda,Enyaq,BEV,B,Sedan,F8,X2G6,0,2026-01,46
Germany,Skoda,Skoda,Enyaq,BEV,B,Sedan,F8,X2G6,0,2026-02,89
Germany,Skoda,Skoda,Enyaq,BEV,B,Sedan,F8,X2G6,0,2026-03,59
Germany,Skoda,Skoda,Enyaq,BEV,B,Sedan,F8,X2G6,0,2026-04,39
Germany,Skoda,Skoda,Enyaq,BEV,B,Sedan,F8,X2G6,0,2026-05,10
Germany,Skoda,Skoda,Enyaq,BEV,B,Sedan,F8,X2G6,0,2026-06,48
Germany,Skoda,Skoda,Enyaq,BEV,B,Sedan,F8,X2G6,0,2026-07,20
Germany,Skoda,Skoda,Enyaq,BEV,B,Sedan,F8,X2G6,0,2026-08,52
Germany,Skoda,Skoda,Enyaq,BEV,B,Sedan,F8,X2G6,0,2026-09,75
Germany,Skoda,Skoda,Enyaq,BEV,B,Sedan,F8,X2G6,0,2026-10,24
Germany,Skoda,Skoda,Enyaq,BEV,B,Sedan,F8,X2G6,0,2026-11,4
Germany,Skoda,Skoda,Enyaq,BEV,B,Sedan,F8,X2G6,0,2026-12,14
Germany,Skoda,Skoda,Enyaq,BEV,B,Sedan,F8,X2G6,0,2027-01,23
Germany,Skoda,Skoda,Enyaq,BEV,B,Sedan,F8,X2G6,0,2027-02,98
Germany,Skoda,Skoda,Enyaq,BEV,B,Sedan,F8,X2G6,0,2027-03,86
Germany,Skoda,Skoda,Enyaq,BEV,B,Sedan,F8,X2G6,0,2027-04,22
Germany,Skoda,Skoda,Enyaq,BEV,B,Sedan,F8,X2G6,0,2027-05,12
Germany,Skoda,Skoda,Enyaq,BEV,B,Sedan,F8,X2G6,0,2027-06,65
Germany,Skoda,Skoda,Enyaq,BEV,B,Sedan,F8,X2G6,0,2027-07,97
Germany,Skoda,Skoda,Enyaq,BEV,B,Sedan,F8,X2G6,0,2027-08,31
Germany,Skoda,Skoda,Enyaq,BEV,B,Sedan,F8,X2G6,0,2027-09,37
Germany,Skoda,Skoda,Enyaq,BEV,B,Sedan,F8,X2G6,0,2027-10,93
Germany,Skoda,Skoda,Enyaq,BEV,B,Sedan,F8,X2G6,0,2027-11,79
Germany,Skoda,Skoda,Enyaq,BEV,B,Sedan,F8,X2G6,0,2027-12,42
Germany,Skoda,Skoda,Enyaq,ICE,B,Sedan,X2,NB10,210,2024-01,72
Germany,Skoda,Skoda,Enyaq,ICE,B,Sedan,X2,NB10,210,2024-02,13
Germany,Skoda,Skoda,Enyaq,ICE,B,Sedan,X2,NB10,210,2024-03,80
Germany,Skoda,Skoda,Enyaq,ICE,B,Sedan,X2,NB10,210,2024-04,29
Germany,Skoda,Skoda,Enyaq,ICE,B,Sedan,X2,NB10,210,2024-05,82
Germany,Skoda,Skoda,Enyaq,ICE,B,Sedan,X2,NB10,210,2024-06,86
Germany,Skoda,Skoda,Enyaq,ICE,B,Sedan,X2,NB10,210,2024-07,50
Germany,Skoda,Skoda,Enyaq,ICE,B,Sedan,X2,NB10,210,2024-08,95
Germany,Skoda,Skoda,Enyaq,ICE,B,Sedan,X2,NB10,210,2024-09,73
Germany,Skoda,Skoda,Enyaq,ICE,B,Sedan,X2,NB10,210,2024-10,69
Germany,Skoda,Skoda,Enyaq,ICE,B,Sedan,X2,NB10,210,2024-11,6
Germany,Skoda,Skoda,Enyaq,ICE,B,Sedan,X2,NB10,210,2024-12,26
Germany,Skoda,Skoda,Enyaq,ICE,B,Sedan,X2,NB10,210,2025-01,86
Germany,Skoda,Skoda,Enyaq,ICE,B,Sedan,X2,NB10,210,2025-02,56
Germany,Skoda,Skoda,Enyaq,ICE,B,Sedan,X2,NB10,210,2025-03,86
Germany,Skoda,Skoda,Enyaq,ICE,B,Sedan,X2,NB10,210,2025-04,53
Germany,Skoda,Skoda,Enyaq,ICE,B,Sedan,X2,NB10,210,2025-05,46
Germany,Skoda,Skoda,Enyaq,ICE,B,Sedan,X2,NB10,210,2025-06,3
Germany,Skoda,Skoda,Enyaq,ICE,B,Sedan,X2,NB10,210,2025-07,16
Germany,Skoda,Skoda,Enyaq,ICE,B,Sedan,X2,NB10,210,2025-08,22
Germany,Skoda,Skoda,Enyaq,ICE,B,Sedan,X2,NB10,210,2025-09,41
Germany,Skoda,Skoda,Enyaq,ICE,B,Sedan,X2,NB10,210,2025-10,74
Germany,Skoda,Skoda,Enyaq,ICE,B,Sedan,X2,NB10,210,2025-11,46
Germany,Skoda,Skoda,Enyaq,ICE,B,Sedan,X2,NB10,210,2025-12,64
Germany,Skoda,Skoda,Enyaq,ICE,B,Sedan,X2,NB10,210,2026-01,61
Germany,Skoda,Skoda,Enyaq,ICE,B,Sedan,X2,NB10,210,2026-02,39
Germany,Skoda,Skoda,Enyaq,ICE,B,Sedan,X2,NB10,210,2026-03,22
Germany,Skoda,Skoda,Enyaq,ICE,B,Sedan,X2,NB10,210,2026-04,65
Germany,Skoda,Skoda,Enyaq,ICE,B,Sedan,X2,NB10,210,2026-05,65
Germany,Skoda,Skoda,Enyaq,ICE,B,Sedan,X2,NB10,210,2026-06,26
Germany,Skoda,Skoda,Enyaq,ICE,B,Sedan,X2,NB10,210,2026-07,19
Germany,Skoda,Skoda,Enyaq,ICE,B,Sedan,X2,NB10,210,2026-08,56
Germany,Skoda,Skoda,Enyaq,ICE,B,Sedan,X2,NB10,210,2026-09,40
Germany,Skoda,Skoda,Enyaq,ICE,B,Sedan,X2,NB10,210,2026-10,75
Germany,Skoda,Skoda,Enyaq,ICE,B,Sedan,X2,NB10,210,2026-11,90
Germany,Skoda,Skoda,Enyaq,ICE,B,Sedan,X2,NB10,210,2026-12,44
Germany,Skoda,Skoda,Enyaq,ICE,B,Sedan,X2,NB10,210,2027-01,72
Germany,Skoda,Skoda,Enyaq,ICE,B,Sedan,X2,NB10,210,2027-02,24
Germany,Skoda,Skoda,Enyaq,ICE,B,Sedan,X2,NB10,210,2027-03,92
Germany,Skoda,Skoda,Enyaq,ICE,B,Sedan,X2,NB10,210,2027-04,58
Germany,Skoda,Skoda,Enyaq,ICE,B,Sedan,X2,NB10,210,2027-05,10
Germany,Skoda,Skoda,Enyaq,ICE,B,Sedan,X2,NB10,210,2027-06,64
Germany,Skoda,Skoda,Enyaq,ICE,B,Sedan,X2,NB10,210,2027-07,58
Germany,Skoda,Skoda,Enyaq,ICE,B,Sedan,X2,NB10,210,2027-08,46
Germany,Skoda,Skoda,Enyaq,ICE,B,Sedan,X2,NB10,210,2027-09,75
Germany,Skoda,Skoda,Enyaq,ICE,B,Sedan,X2,NB10,210,2027-10,8
Germany,Skoda,Skoda,Enyaq,ICE,B,Sedan,X2,NB10,210,2027-11,14
Germany,Skoda,Skoda,Enyaq,ICE,B,Sedan,X2,NB10,210,2027-12,85
Germany,Skoda,Skoda,Superb iV,BEV,B,Sedan,NX,X2G8,0,2024-01,63
Germany,Skoda,Skoda,Superb iV,BEV,B,Sedan,NX,X2G8,0,2024-02,31
Germany,Skoda,Skoda,Superb iV,BEV,B,Sedan,NX,X2G8,0,2024-03,7
Germany,Skoda,Skoda,Superb iV,BEV,B,Sedan,NX,X2G8,0,2024-04,96
Germany,Skoda,Skoda,Superb iV,BEV,B,Sedan,NX,X2G8,0,2024-05,69
Germany,Skoda,Skoda,Superb iV,BEV,B,Sedan,NX,X2G8,0,2024-06,25
Germany,Skoda,Skoda,Superb iV,BEV,B,Sedan,NX,X2G8,0,2024-07,4
Germany,Skoda,Skoda,Superb iV,BEV,B,Sedan,NX,X2G8,0,2024-08,29
Germany,Skoda,Skoda,Superb iV,BEV,B,Sedan,NX,X2G8,0,2024-09,67
Germany,Skoda,Skoda,Superb iV,BEV,B,Sedan,NX,X2G8,0,2024-10,44
Germany,Skoda,Skoda,Superb iV,BEV,B,Sedan,NX,X2G8,0,2024-11,4
Germany,Skoda,Skoda,Superb iV,BEV,B,Sedan,NX,X2G8,0,2024-12,73
Germany,Skoda,Skoda,Superb iV,BEV,B,Sedan,NX,X2G8,0,2025-01,20
Germany,Skoda,Skoda,Superb iV,BEV,B,Sedan,NX,X2G8,0,2025-02,98
Germany,Skoda,Skoda,Superb iV,BEV,B,Sedan,NX,X2G8,0,2025-03,6
Germany,Skoda,Skoda,Superb iV,BEV,B,Sedan,NX,X2G8,0,2025-04,26
Germany,Skoda,Skoda,Superb iV,BEV,B,Sedan,NX,X2G8,0,2025-05,55
Germany,Skoda,Skoda,Superb iV,BEV,B,Sedan,NX,X2G8,0,2025-06,93
Germany,Skoda,Skoda,Superb iV,BEV,B,Sedan,NX,X2G8,0,2025-07,73
Germany,Skoda,Skoda,Superb iV,BEV,B,Sedan,NX,X2G8,0,2025-08,61
Germany,Skoda,Skoda,Superb iV,BEV,B,Sedan,NX,X2G8,0,2025-09,68
Germany,Skoda,Skoda,Superb iV,BEV,B,Sedan,NX,X2G8,0,2025-10,39
Germany,Skoda,Skoda,Superb iV,BEV,B,Sedan,NX,X2G8,0,2025-11,69
Germany,Skoda,Skoda,Superb iV,BEV,B,Sedan,NX,X2G8,0,2025-12,4
Germany,Skoda,Skoda,Superb iV,BEV,B,Sedan,NX,X2G8,0,2026-01,38
Germany,Skoda,Skoda,Superb iV,BEV,B,Sedan,NX,X2G8,0,2026-02,14
Germany,Skoda,Skoda,Superb iV,BEV,B,Sedan,NX,X2G8,0,2026-03,28
Germany,Skoda,Skoda,Superb iV,BEV,B,Sedan,NX,X2G8,0,2026-04,15
Germany,Skoda,Skoda,Superb iV,BEV,B,Sedan,NX,X2G8,0,2026-05,14
Germany,Skoda,Skoda,Superb iV,BEV,B,Sedan,NX,X2G8,0,2026-06,90
Germany,Skoda,Skoda,Superb iV,BEV,B,Sedan,NX,X2G8,0,2026-07,15
Germany,Skoda,Skoda,Superb iV,BEV,B,Sedan,NX,X2G8,0,2026-08,87
Germany,Skoda,Skoda,Superb iV,BEV,B,Sedan,NX,X2G8,0,2026-09,68
Germany,Skoda,Skoda,Superb iV,BEV,B,Sedan,NX,X2G8,0,2026-10,74
Germany,Skoda,Skoda,Superb iV,BEV,B,Sedan,NX,X2G8,0,2026-11,75
Germany,Skoda,Skoda,Superb iV,BEV,B,Sedan,NX,X2G8,0,2026-12,17
Germany,Skoda,Skoda,Superb iV,BEV,B,Sedan,NX,X2G8,0,2027-01,81
Germany,Skoda,Skoda,Superb iV,BEV,B,Sedan,NX,X2G8,0,2027-02,89
Germany,Skoda,Skoda,Superb iV,BEV,B,Sedan,NX,X2G8,0,2027-03,57
Germany,Skoda,Skoda,Superb iV,BEV,B,Sedan,NX,X2G8,0,2027-04,33
Germany,Skoda,Skoda,Superb iV,BEV,B,Sedan,NX,X2G8,0,2027-05,32
Germany,Skoda,Skoda,Superb iV,BEV,B,Sedan,NX,X2G8,0,2027-06,34
Germany,Skoda,Skoda,Superb iV,BEV,B,Sedan,NX,X2G8,0,2027-07,39
Germany,Skoda,Skoda,Superb iV,BEV,B,Sedan,NX,X2G8,0,2027-08,12
Germany,Skoda,Skoda,Superb iV,BEV,B,Sedan,NX,X2G8,0,2027-09,50
Germany,Skoda,Skoda,Superb iV,BEV,B,Sedan,NX,X2G8,0,2027-10,16
Germany,Skoda,Skoda,Superb iV,BEV,B,Sedan,NX,X2G8,0,2027-11,33
Germany,Skoda,Skoda,Superb iV,BEV,B,Sedan,NX,X2G8,0,2027-12,26
Germany,Skoda,Skoda,Fabia,FCEV,B,Sedan,F8,X2G6,0,2024-01,40
Germany,Skoda,Skoda,Fabia,FCEV,B,Sedan,F8,X2G6,0,2024-02,36
Germany,Skoda,Skoda,Fabia,FCEV,B,Sedan,F8,X2G6,0,2024-03,93
Germany,Skoda,Skoda,Fabia,FCEV,B,Sedan,F8,X2G6,0,2024-04,91
Germany,Skoda,Skoda,Fabia,FCEV,B,Sedan,F8,X2G6,0,2024-05,7
Germany,Skoda,Skoda,Fabia,FCEV,B,Sedan,F8,X2G6,0,2024-06,64
Germany,Skoda,Skoda,Fabia,FCEV,B,Sedan,F8,X2G6,0,2024-07,93
Germany,Skoda,Skoda,Fabia,FCEV,B,Sedan,F8,X2G6,0,2024-08,81
Germany,Skoda,Skoda,Fabia,FCEV,B,Sedan,F8,X2G6,0,2024-09,54
Germany,Skoda,Skoda,Fabia,FCEV,B,Sedan,F8,X2G6,0,2024-10,81
Germany,Skoda,Skoda,Fabia,FCEV,B,Sedan,F8,X2G6,0,2024-11,76
Germany,Skoda,Skoda,Fabia,FCEV,B,Sedan,F8,X2G6,0,2024-12,52
Germany,Skoda,Skoda,Fabia,FCEV,B,Sedan,F8,X2G6,0,2025-01,92
Germany,Skoda,Skoda,Fabia,FCEV,B,Sedan,F8,X2G6,0,2025-02,64
Germany,Skoda,Skoda,Fabia,FCEV,B,Sedan,F8,X2G6,0,2025-03,65
Germany,Skoda,Skoda,Fabia,FCEV,B,Sedan,F8,X2G6,0,2025-04,27
Germany,Skoda,Skoda,Fabia,FCEV,B,Sedan,F8,X2G6,0,2025-05,34
Germany,Skoda,Skoda,Fabia,FCEV,B,Sedan,F8,X2G6,0,2025-06,30
Germany,Skoda,Skoda,Fabia,FCEV,B,Sedan,F8,X2G6,0,2025-07,25
Germany,Skoda,Skoda,Fabia,FCEV,B,Sedan,F8,X2G6,0,2025-08,12
Germany,Skoda,Skoda,Fabia,FCEV,B,Sedan,F8,X2G6,0,2025-09,97
Germany,Skoda,Skoda,Fabia,FCEV,B,Sedan,F8,X2G6,0,2025-10,56
Germany,Skoda,Skoda,Fabia,FCEV,B,Sedan,F8,X2G6,0,2025-11,81
Germany,Skoda,Skoda,Fabia,FCEV,B,Sedan,F8,X2G6,0,2025-12,46
Germany,Skoda,Skoda,Fabia,FCEV,B,Sedan,F8,X2G6,0,2026-01,50
Germany,Skoda,Skoda,Fabia,FCEV,B,Sedan,F8,X2G6,0,2026-02,57
Germany,Skoda,Skoda,Fabia,FCEV,B,Sedan,F8,X2G6,0,2026-03,34
Germany,Skoda,Skoda,Fabia,FCEV,B,Sedan,F8,X2G6,0,2026-04,95
Germany,Skoda,Skoda,Fabia,FCEV,B,Sedan,F8,X2G6,0,2026-05,5
Germany,Skoda,Skoda,Fabia,FCEV,B,Sedan,F8,X2G6,0,2026-06,69
Germany,Skoda,Skoda,Fabia,FCEV,B,Sedan,F8,X2G6,0,2026-07,47
Germany,Skoda,Skoda,Fabia,FCEV,B,Sedan,F8,X2G6,0,2026-08,85
Germany,Skoda,Skoda,Fabia,FCEV,B,Sedan,F8,X2G6,0,2026-09,32
Germany,Skoda,Skoda,Fabia,FCEV,B,Sedan,F8,X2G6,0,2026-10,99
Germany,Skoda,Skoda,Fabia,FCEV,B,Sedan,F8,X2G6,0,2026-11,57
Germany,Skoda,Skoda,Fabia,FCEV,B,Sedan,F8,X2G6,0,2026-12,71
Germany,Skoda,Skoda,Fabia,FCEV,B,Sedan,F8,X2G6,0,2027-01,12
Germany,Skoda,Skoda,Fabia,FCEV,B,Sedan,F8,X2G6,0,2027-02,31
Germany,Skoda,Skoda,Fabia,FCEV,B,Sedan,F8,X2G6,0,2027-03,79
Germany,Skoda,Skoda,Fabia,FCEV,B,Sedan,F8,X2G6,0,2027-04,46
Germany,Skoda,Skoda,Fabia,FCEV,B,Sedan,F8,X2G6,0,2027-05,39
Germany,Skoda,Skoda,Fabia,FCEV,B,Sedan,F8,X2G6,0,2027-06,55
Germany,Skoda,Skoda,Fabia,FCEV,B,Sedan,F8,X2G6,0,2027-07,95
Germany,Skoda,Skoda,Fabia,FCEV,B,Sedan,F8,X2G6,0,2027-08,73
Germany,Skoda,Skoda,Fabia,FCEV,B,Sedan,F8,X2G6,0,2027-09,23
Germany,Skoda,Skoda,Fabia,FCEV,B,Sedan,F8,X2G6,0,2027-10,27
Germany,Skoda,Skoda,Fabia,FCEV,B,Sedan,F8,X2G6,0,2027-11,37
Germany,Skoda,Skoda,Fabia,FCEV,B,Sedan,F8,X2G6,0,2027-12,51
France,Skoda,Volkswagen,Arteon,ICE,D,Van,F2,DB20,180,2024-01,10
France,Skoda,Volkswagen,Arteon,ICE,D,Van,F2,DB20,180,2024-02,43
France,Skoda,Volkswagen,Arteon,ICE,D,Van,F2,DB20,180,2024-03,71
France,Skoda,Volkswagen,Arteon,ICE,D,Van,F2,DB20,180,2024-04,87
France,Skoda,Volkswagen,Arteon,ICE,D,Van,F2,DB20,180,2024-05,89
France,Skoda,Volkswagen,Arteon,ICE,D,Van,F2,DB20,180,2024-06,55
France,Skoda,Volkswagen,Arteon,ICE,D,Van,F2,DB20,180,2024-07,96
France,Skoda,Volkswagen,Arteon,ICE,D,Van,F2,DB20,180,2024-08,38
France,Skoda,Volkswagen,Arteon,ICE,D,Van,F2,DB20,180,2024-09,92
France,Skoda,Volkswagen,Arteon,ICE,D,Van,F2,DB20,180,2024-10,10
France,Skoda,Volkswagen,Arteon,ICE,D,Van,F2,DB20,180,2024-11,65
France,Skoda,Volkswagen,Arteon,ICE,D,Van,F2,DB20,180,2024-12,23
France,Skoda,Volkswagen,Arteon,ICE,D,Van,F2,DB20,180,2025-01,60
France,Skoda,Volkswagen,Arteon,ICE,D,Van,F2,DB20,180,2025-02,68
France,Skoda,Volkswagen,Arteon,ICE,D,Van,F2,DB20,180,2025-03,45
France,Skoda,Volkswagen,Arteon,ICE,D,Van,F2,DB20,180,2025-04,42
France,Skoda,Volkswagen,Arteon,ICE,D,Van,F2,DB20,180,2025-05,51
France,Skoda,Volkswagen,Arteon,ICE,D,Van,F2,DB20,180,2025-06,9
France,Skoda,Volkswagen,Arteon,ICE,D,Van,F2,DB20,180,2025-07,55
France,Skoda,Volkswagen,Arteon,ICE,D,Van,F2,DB20,180,2025-08,3
France,Skoda,Volkswagen,Arteon,ICE,D,Van,F2,DB20,180,2025-09,53
France,Skoda,Volkswagen,Arteon,ICE,D,Van,F2,DB20,180,2025-10,31
France,Skoda,Volkswagen,Arteon,ICE,D,Van,F2,DB20,180,2025-11,55
France,Skoda,Volkswagen,Arteon,ICE,D,Van,F2,DB20,180,2025-12,28
France,Skoda,Volkswagen,Arteon,ICE,D,Van,F2,DB20,180,2026-01,96
France,Skoda,Volkswagen,Arteon,ICE,D,Van,F2,DB20,180,2026-02,99
France,Skoda,Volkswagen,Arteon,ICE,D,Van,F2,DB20,180,2026-03,4
France,Skoda,Volkswagen,Arteon,ICE,D,Van,F2,DB20,180,2026-04,57
France,Skoda,Volkswagen,Arteon,ICE,D,Van,F2,DB20,180,2026-05,33
France,Skoda,Volkswagen,Arteon,ICE,D,Van,F2,DB20,180,2026-06,29
France,Skoda,Volkswagen,Arteon,ICE,D,Van,F2,DB20,180,2026-07,53
France,Skoda,Volkswagen,Arteon,ICE,D,Van,F2,DB20,180,2026-08,56
France,Skoda,Volkswagen,Arteon,ICE,D,Van,F2,DB20,180,2026-09,20
France,Skoda,Volkswagen,Arteon,ICE,D,Van,F2,DB20,180,2026-10,79
France,Skoda,Volkswagen,Arteon,ICE,D,Van,F2,DB20,180,2026-11,1
France,Skoda,Volkswagen,Arteon,ICE,D,Van,F2,DB20,180,2026-12,74
France,Skoda,Volkswagen,Arteon,ICE,D,Van,F2,DB20,180,2027-01,19
France,Skoda,Volkswagen,Arteon,ICE,D,Van,F2,DB20,180,2027-02,17
France,Skoda,Volkswagen,Arteon,ICE,D,Van,F2,DB20,180,2027-03,36
France,Skoda,Volkswagen,Arteon,ICE,D,Van,F2,DB20,180,2027-04,36
France,Skoda,Volkswagen,Arteon,ICE,D,Van,F2,DB20,180,2027-05,96
France,Skoda,Volkswagen,Arteon,ICE,D,Van,F2,DB20,180,2027-06,48
France,Skoda,Volkswagen,Arteon,ICE,D,Van,F2,DB20,180,2027-07,15
France,Skoda,Volkswagen,Arteon,ICE,D,Van,F2,DB20,180,2027-08,22
France,Skoda,Volkswagen,Arteon,ICE,D,Van,F2,DB20,180,2027-09,5
France,Skoda,Volkswagen,Arteon,ICE,D,Van,F2,DB20,180,2027-10,41
France,Skoda,Volkswagen,Arteon,ICE,D,Van,F2,DB20,180,2027-11,39
France,Skoda,Volkswagen,Arteon,ICE,D,Van,F2,DB20,180,2027-12,57
France,Skoda,Volkswagen,Eos,ICE,D,Sedan,F2,DB20,160,2024-01,85
France,Skoda,Volkswagen,Eos,ICE,D,Sedan,F2,DB20,160,2024-02,34
France,Skoda,Volkswagen,Eos,ICE,D,Sedan,F2,DB20,160,2024-03,72
France,Skoda,Volkswagen,Eos,ICE,D,Sedan,F2,DB20,160,2024-04,36
France,Skoda,Volkswagen,Eos,ICE,D,Sedan,F2,DB20,160,2024-05,88
France,Skoda,Volkswagen,Eos,ICE,D,Sedan,F2,DB20,160,2024-06,62
France,Skoda,Volkswagen,Eos,ICE,D,Sedan,F2,DB20,160,2024-07,35
France,Skoda,Volkswagen,Eos,ICE,D,Sedan,F2,DB20,160,2024-08,75
France,Skoda,Volkswagen,Eos,ICE,D,Sedan,F2,DB20,160,2024-09,65
France,Skoda,Volkswagen,Eos,ICE,D,Sedan,F2,DB20,160,2024-10,68
France,Skoda,Volkswagen,Eos,ICE,D,Sedan,F2,DB20,160,2024-11,11
France,Skoda,Volkswagen,Eos,ICE,D,Sedan,F2,DB20,160,2024-12,70
France,Skoda,Volkswagen,Eos,ICE,D,Sedan,F2,DB20,160,2025-01,97
France,Skoda,Volkswagen,Eos,ICE,D,Sedan,F2,DB20,160,2025-02,4
France,Skoda,Volkswagen,Eos,ICE,D,Sedan,F2,DB20,160,2025-03,71
France,Skoda,Volkswagen,Eos,ICE,D,Sedan,F2,DB20,160,2025-04,37
France,Skoda,Volkswagen,Eos,ICE,D,Sedan,F2,DB20,160,2025-05,60
France,Skoda,Volkswagen,Eos,ICE,D,Sedan,F2,DB20,160,2025-06,40
France,Skoda,Volkswagen,Eos,ICE,D,Sedan,F2,DB20,160,2025-07,40
France,Skoda,Volkswagen,Eos,ICE,D,Sedan,F2,DB20,160,2025-08,78
France,Skoda,Volkswagen,Eos,ICE,D,Sedan,F2,DB20,160,2025-09,50
France,Skoda,Volkswagen,Eos,ICE,D,Sedan,F2,DB20,160,2025-10,98
France,Skoda,Volkswagen,Eos,ICE,D,Sedan,F2,DB20,160,2025-11,83
France,Skoda,Volkswagen,Eos,ICE,D,Sedan,F2,DB20,160,2025-12,60
France,Skoda,Volkswagen,Eos,ICE,D,Sedan,F2,DB20,160,2026-01,84
France,Skoda,Volkswagen,Eos,ICE,D,Sedan,F2,DB20,160,2026-02,95
France,Skoda,Volkswagen,Eos,ICE,D,Sedan,F2,DB20,160,2026-03,5
France,Skoda,Volkswagen,Eos,ICE,D,Sedan,F2,DB20,160,2026-04,77
France,Skoda,Volkswagen,Eos,ICE,D,Sedan,F2,DB20,160,2026-05,55
France,Skoda,Volkswagen,Eos,ICE,D,Sedan,F2,DB20,160,2026-06,64
France,Skoda,Volkswagen,Eos,ICE,D,Sedan,F2,DB20,160,2026-07,49
France,Skoda,Volkswagen,Eos,ICE,D,Sedan,F2,DB20,160,2026-08,1
France,Skoda,Volkswagen,Eos,ICE,D,Sedan,F2,DB20,160,2026-09,36
France,Skoda,Volkswagen,Eos,ICE,D,Sedan,F2,DB20,160,2026-10,13
France,Skoda,Volkswagen,Eos,ICE,D,Sedan,F2,DB20,160,2026-11,25
France,Skoda,Volkswagen,Eos,ICE,D,Sedan,F2,DB20,160,2026-12,39
France,Skoda,Volkswagen,Eos,ICE,D,Sedan,F2,DB20,160,2027-01,50
France,Skoda,Volkswagen,Eos,ICE,D,Sedan,F2,DB20,160,2027-02,32
France,Skoda,Volkswagen,Eos,ICE,D,Sedan,F2,DB20,160,2027-03,38
France,Skoda,Volkswagen,Eos,ICE,D,Sedan,F2,DB20,160,2027-04,48
France,Skoda,Volkswagen,Eos,ICE,D,Sedan,F2,DB20,160,2027-05,67
France,Skoda,Volkswagen,Eos,ICE,D,Sedan,F2,DB20,160,2027-06,68
France,Skoda,Volkswagen,Eos,ICE,D,Sedan,F2,DB20,160,2027-07,2
France,Skoda,Volkswagen,Eos,ICE,D,Sedan,F2,DB20,160,2027-08,53
France,Skoda,Volkswagen,Eos,ICE,D,Sedan,F2,DB20,160,2027-09,87
France,Skoda,Volkswagen,Eos,ICE,D,Sedan,F2,DB20,160,2027-10,38
France,Skoda,Volkswagen,Eos,ICE,D,Sedan,F2,DB20,160,2027-11,10
France,Skoda,Volkswagen,Eos,ICE,D,Sedan,F2,DB20,160,2027-12,90
France,Skoda,Volkswagen,Arteon,BEV,D,Van,F8,X2G6,0,2024-01,61
France,Skoda,Volkswagen,Arteon,BEV,D,Van,F8,X2G6,0,2024-02,52
France,Skoda,Volkswagen,Arteon,BEV,D,Van,F8,X2G6,0,2024-03,92
France,Skoda,Volkswagen,Arteon,BEV,D,Van,F8,X2G6,0,2024-04,52
France,Skoda,Volkswagen,Arteon,BEV,D,Van,F8,X2G6,0,2024-05,24
France,Skoda,Volkswagen,Arteon,BEV,D,Van,F8,X2G6,0,2024-06,8
France,Skoda,Volkswagen,Arteon,BEV,D,Van,F8,X2G6,0,2024-07,85
France,Skoda,Volkswagen,Arteon,BEV,D,Van,F8,X2G6,0,2024-08,69
France,Skoda,Volkswagen,Arteon,BEV,D,Van,F8,X2G6,0,2024-09,27
France,Skoda,Volkswagen,Arteon,BEV,D,Van,F8,X2G6,0,2024-10,3
France,Skoda,Volkswagen,Arteon,BEV,D,Van,F8,X2G6,0,2024-11,67
France,Skoda,Volkswagen,Arteon,BEV,D,Van,F8,X2G6,0,2024-12,42
France,Skoda,Volkswagen,Arteon,BEV,D,Van,F8,X2G6,0,2025-01,8
France,Skoda,Volkswagen,Arteon,BEV,D,Van,F8,X2G6,0,2025-02,60
France,Skoda,Volkswagen,Arteon,BEV,D,Van,F8,X2G6,0,2025-03,86
France,Skoda,Volkswagen,Arteon,BEV,D,Van,F8,X2G6,0,2025-04,45
France,Skoda,Volkswagen,Arteon,BEV,D,Van,F8,X2G6,0,2025-05,83
France,Skoda,Volkswagen,Arteon,BEV,D,Van,F8,X2G6,0,2025-06,2
France,Skoda,Volkswagen,Arteon,BEV,D,Van,F8,X2G6,0,2025-07,90
France,Skoda,Volkswagen,Arteon,BEV,D,Van,F8,X2G6,0,2025-08,62
France,Skoda,Volkswagen,Arteon,BEV,D,Van,F8,X2G6,0,2025-09,18
France,Skoda,Volkswagen,Arteon,BEV,D,Van,F8,X2G6,0,2025-10,80
France,Skoda,Volkswagen,Arteon,BEV,D,Van,F8,X2G6,0,2025-11,53
France,Skoda,Volkswagen,Arteon,BEV,D,Van,F8,X2G6,0,2025-12,86
France,Skoda,Volkswagen,Arteon,BEV,D,Van,F8,X2G6,0,2026-01,87
France,Skoda,Volkswagen,Arteon,BEV,D,Van,F8,X2G6,0,2026-02,93
France,Skoda,Volkswagen,Arteon,BEV,D,Van,F8,X2G6,0,2026-03,50
France,Skoda,Volkswagen,Arteon,BEV,D,Van,F8,X2G6,0,2026-04,71
France,Skoda,Volkswagen,Arteon,BEV,D,Van,F8,X2G6,0,2026-05,53
France,Skoda,Volkswagen,Arteon,BEV,D,Van,F8,X2G6,0,2026-06,2
France,Skoda,Volkswagen,Arteon,BEV,D,Van,F8,X2G6,0,2026-07,91
France,Skoda,Volkswagen,Arteon,BEV,D,Van,F8,X2G6,0,2026-08,73
France,Skoda,Volkswagen,Arteon,BEV,D,Van,F8,X2G6,0,2026-09,79
France,Skoda,Volkswagen,Arteon,BEV,D,Van,F8,X2G6,0,2026-10,46
France,Skoda,Volkswagen,Arteon,BEV,D,Van,F8,X2G6,0,2026-11,24
France,Skoda,Volkswagen,Arteon,BEV,D,Van,F8,X2G6,0,2026-12,97
France,Skoda,Volkswagen,Arteon,BEV,D,Van,F8,X2G6,0,2027-01,97
France,Skoda,Volkswagen,Arteon,BEV,D,Van,F8,X2G6,0,2027-02,64
France,Skoda,Volkswagen,Arteon,BEV,D,Van,F8,X2G6,0,2027-03,74
France,Skoda,Volkswagen,Arteon,BEV,D,Van,F8,X2G6,0,2027-04,18
France,Skoda,Volkswagen,Arteon,BEV,D,Van,F8,X2G6,0,2027-05,1
France,Skoda,Volkswagen,Arteon,BEV,D,Van,F8,X2G6,0,2027-06,52
France,Skoda,Volkswagen,Arteon,BEV,D,Van,F8,X2G6,0,2027-07,5
France,Skoda,Volkswagen,Arteon,BEV,D,Van,F8,X2G6,0,2027-08,22
France,Skoda,Volkswagen,Arteon,BEV,D,Van,F8,X2G6,0,2027-09,19
France,Skoda,Volkswagen,Arteon,BEV,D,Van,F8,X2G6,0,2027-10,5
France,Skoda,Volkswagen,Arteon,BEV,D,Van,F8,X2G6,0,2027-11,54
France,Skoda,Volkswagen,Arteon,BEV,D,Van,F8,X2G6,0,2027-12,29
France,Skoda,Skoda,Enyaq,BEV,B,Sedan,F8,X2G6,0,2024-01,59
France,Skoda,Skoda,Enyaq,BEV,B,Sedan,F8,X2G6,0,2024-02,77
France,Skoda,Skoda,Enyaq,BEV,B,Sedan,F8,X2G6,0,2024-03,44
France,Skoda,Skoda,Enyaq,BEV,B,Sedan,F8,X2G6,0,2024-04,60
France,Skoda,Skoda,Enyaq,BEV,B,Sedan,F8,X2G6,0,2024-05,44
France,Skoda,Skoda,Enyaq,BEV,B,Sedan,F8,X2G6,0,2024-06,2
France,Skoda,Skoda,Enyaq,BEV,B,Sedan,F8,X2G6,0,2024-07,84
France,Skoda,Skoda,Enyaq,BEV,B,Sedan,F8,X2G6,0,2024-08,81
France,Skoda,Skoda,Enyaq,BEV,B,Sedan,F8,X2G6,0,2024-09,44
France,Skoda,Skoda,Enyaq,BEV,B,Sedan,F8,X2G6,0,2024-10,3
France,Skoda,Skoda,Enyaq,BEV,B,Sedan,F8,X2G6,0,2024-11,82
France,Skoda,Skoda,Enyaq,BEV,B,Sedan,F8,X2G6,0,2024-12,11
France,Skoda,Skoda,Enyaq,BEV,B,Sedan,F8,X2G6,0,2025-01,4
France,Skoda,Skoda,Enyaq,BEV,B,Sedan,F8,X2G6,0,2025-02,17
France,Skoda,Skoda,Enyaq,BEV,B,Sedan,F8,X2G6,0,2025-03,43
France,Skoda,Skoda,Enyaq,BEV,B,Sedan,F8,X2G6,0,2025-04,67
France,Skoda,Skoda,Enyaq,BEV,B,Sedan,F8,X2G6,0,2025-05,91
France,Skoda,Skoda,Enyaq,BEV,B,Sedan,F8,X2G6,0,2025-06,28
France,Skoda,Skoda,Enyaq,BEV,B,Sedan,F8,X2G6,0,2025-07,81
France,Skoda,Skoda,Enyaq,BEV,B,Sedan,F8,X2G6,0,2025-08,10
France,Skoda,Skoda,Enyaq,BEV,B,Sedan,F8,X2G6,0,2025-09,24
France,Skoda,Skoda,Enyaq,BEV,B,Sedan,F8,X2G6,0,2025-10,72
France,Skoda,Skoda,Enyaq,BEV,B,Sedan,F8,X2G6,0,2025-11,94
France,Skoda,Skoda,Enyaq,BEV,B,Sedan,F8,X2G6,0,2025-12,29
France,Skoda,Skoda,Enyaq,BEV,B,Sedan,F8,X2G6,0,2026-01,80
France,Skoda,Skoda,Enyaq,BEV,B,Sedan,F8,X2G6,0,2026-02,10
France,Skoda,Skoda,Enyaq,BEV,B,Sedan,F8,X2G6,0,2026-03,44
France,Skoda,Skoda,Enyaq,BEV,B,Sedan,F8,X2G6,0,2026-04,7
France,Skoda,Skoda,Enyaq,BEV,B,Sedan,F8,X2G6,0,2026-05,26
France,Skoda,Skoda,Enyaq,BEV,B,Sedan,F8,X2G6,0,2026-06,73
France,Skoda,Skoda,Enyaq,BEV,B,Sedan,F8,X2G6,0,2026-07,95
France,Skoda,Skoda,Enyaq,BEV,B,Sedan,F8,X2G6,0,2026-08,66
France,Skoda,Skoda,Enyaq,BEV,B,Sedan,F8,X2G6,0,2026-09,72
France,Skoda,Skoda,Enyaq,BEV,B,Sedan,F8,X2G6,0,2026-10,35
France,Skoda,Skoda,Enyaq,BEV,B,Sedan,F8,X2G6,0,2026-11,55
France,Skoda,Skoda,Enyaq,BEV,B,Sedan,F8,X2G6,0,2026-12,70
France,Skoda,Skoda,Enyaq,BEV,B,Sedan,F8,X2G6,0,2027-01,70
France,Skoda,Skoda,Enyaq,BEV,B,Sedan,F8,X2G6,0,2027-02,77
France,Skoda,Skoda,Enyaq,BEV,B,Sedan,F8,X2G6,0,2027-03,28
France,Skoda,Skoda,Enyaq,BEV,B,Sedan,F8,X2G6,0,2027-04,12
France,Skoda,Skoda,Enyaq,BEV,B,Sedan,F8,X2G6,0,2027-05,4
France,Skoda,Skoda,Enyaq,BEV,B,Sedan,F8,X2G6,0,2027-06,39
France,Skoda,Skoda,Enyaq,BEV,B,Sedan,F8,X2G6,0,2027-07,37
France,Skoda,Skoda,Enyaq,BEV,B,Sedan,F8,X2G6,0,2027-08,12
France,Skoda,Skoda,Enyaq,BEV,B,Sedan,F8,X2G6,0,2027-09,72
France,Skoda,Skoda,Enyaq,BEV,B,Sedan,F8,X2G6,0,2027-10,90
France,Skoda,Skoda,Enyaq,BEV,B,Sedan,F8,X2G6,0,2027-11,48
France,Skoda,Skoda,Enyaq,BEV,B,Sedan,F8,X2G6,0,2027-12,63
France,Skoda,Skoda,Fabia,FCEV,B,Sedan,F8,X2G6,0,2024-01,88
France,Skoda,Skoda,Fabia,FCEV,B,Sedan,F8,X2G6,0,2024-02,17
France,Skoda,Skoda,Fabia,FCEV,B,Sedan,F8,X2G6,0,2024-03,20
France,Skoda,Skoda,Fabia,FCEV,B,Sedan,F8,X2G6,0,2024-04,83
France,Skoda,Skoda,Fabia,FCEV,B,Sedan,F8,X2G6,0,2024-05,94
France,Skoda,Skoda,Fabia,FCEV,B,Sedan,F8,X2G6,0,2024-06,63
France,Skoda,Skoda,Fabia,FCEV,B,Sedan,F8,X2G6,0,2024-07,52
France,Skoda,Skoda,Fabia,FCEV,B,Sedan,F8,X2G6,0,2024-08,81
France,Skoda,Skoda,Fabia,FCEV,B,Sedan,F8,X2G6,0,2024-09,69
France,Skoda,Skoda,Fabia,FCEV,B,Sedan,F8,X2G6,0,2024-10,67
France,Skoda,Skoda,Fabia,FCEV,B,Sedan,F8,X2G6,0,2024-11,20
France,Skoda,Skoda,Fabia,FCEV,B,Sedan,F8,X2G6,0,2024-12,51
France,Skoda,Skoda,Fabia,FCEV,B,Sedan,F8,X2G6,0,2025-01,66
France,Skoda,Skoda,Fabia,FCEV,B,Sedan,F8,X2G6,0,2025-02,43
France,Skoda,Skoda,Fabia,FCEV,B,Sedan,F8,X2G6,0,2025-03,38
France,Skoda,Skoda,Fabia,FCEV,B,Sedan,F8,X2G6,0,2025-04,93
France,Skoda,Skoda,Fabia,FCEV,B,Sedan,F8,X2G6,0,2025-05,52
France,Skoda,Skoda,Fabia,FCEV,B,Sedan,F8,X2G6,0,2025-06,56
France,Skoda,Skoda,Fabia,FCEV,B,Sedan,F8,X2G6,0,2025-07,31
France,Skoda,Skoda,Fabia,FCEV,B,Sedan,F8,X2G6,0,2025-08,59
France,Skoda,Skoda,Fabia,FCEV,B,Sedan,F8,X2G6,0,2025-09,25
France,Skoda,Skoda,Fabia,FCEV,B,Sedan,F8,X2G6,0,2025-10,3
France,Skoda,Skoda,Fabia,FCEV,B,Sedan,F8,X2G6,0,2025-11,58
France,Skoda,Skoda,Fabia,FCEV,B,Sedan,F8,X2G6,0,2025-12,99
France,Skoda,Skoda,Fabia,FCEV,B,Sedan,F8,X2G6,0,2026-01,89
France,Skoda,Skoda,Fabia,FCEV,B,Sedan,F8,X2G6,0,2026-02,64
France,Skoda,Skoda,Fabia,FCEV,B,Sedan,F8,X2G6,0,2026-03,16
France,Skoda,Skoda,Fabia,FCEV,B,Sedan,F8,X2G6,0,2026-04,57
France,Skoda,Skoda,Fabia,FCEV,B,Sedan,F8,X2G6,0,2026-05,7
France,Skoda,Skoda,Fabia,FCEV,B,Sedan,F8,X2G6,0,2026-06,18
France,Skoda,Skoda,Fabia,FCEV,B,Sedan,F8,X2G6,0,2026-07,58
France,Skoda,Skoda,Fabia,FCEV,B,Sedan,F8,X2G6,0,2026-08,79
France,Skoda,Skoda,Fabia,FCEV,B,Sedan,F8,X2G6,0,2026-09,85
France,Skoda,Skoda,Fabia,FCEV,B,Sedan,F8,X2G6,0,2026-10,30
France,Skoda,Skoda,Fabia,FCEV,B,Sedan,F8,X2G6,0,2026-11,22
France,Skoda,Skoda,Fabia,FCEV,B,Sedan,F8,X2G6,0,2026-12,25
France,Skoda,Skoda,Fabia,FCEV,B,Sedan,F8,X2G6,0,2027-01,75
France,Skoda,Skoda,Fabia,FCEV,B,Sedan,F8,X2G6,0,2027-02,98
France,Skoda,Skoda,Fabia,FCEV,B,Sedan,F8,X2G6,0,2027-03,87
France,Skoda,Skoda,Fabia,FCEV,B,Sedan,F8,X2G6,0,2027-04,21
France,Skoda,Skoda,Fabia,FCEV,B,Sedan,F8,X2G6,0,2027-05,76
France,Skoda,Skoda,Fabia,FCEV,B,Sedan,F8,X2G6,0,2027-06,37
France,Skoda,Skoda,Fabia,FCEV,B,Sedan,F8,X2G6,0,2027-07,23
France,Skoda,Skoda,Fabia,FCEV,B,Sedan,F8,X2G6,0,2027-08,49
France,Skoda,Skoda,Fabia,FCEV,B,Sedan,F8,X2G6,0,2027-09,82
France,Skoda,Skoda,Fabia,FCEV,B,Sedan,F8,X2G6,0,2027-10,65
France,Skoda,Skoda,Fabia,FCEV,B,Sedan,F8,X2G6,0,2027-11,79
France,Skoda,Skoda,Fabia,FCEV,B,Sedan,F8,X2G6,0,2027-12,85
France,Mercedes,Mercedes,3-Series,ICE,E,Sedan,XC18,MM120,240,2024-01,30
France,Mercedes,Mercedes,3-Series,ICE,E,Sedan,XC18,MM120,240,2024-02,27
France,Mercedes,Mercedes,3-Series,ICE,E,Sedan,XC18,MM120,240,2024-03,80
France,Mercedes,Mercedes,3-Series,ICE,E,Sedan,XC18,MM120,240,2024-04,97
France,Mercedes,Mercedes,3-Series,ICE,E,Sedan,XC18,MM120,240,2024-05,34
France,Mercedes,Mercedes,3-Series,ICE,E,Sedan,XC18,MM120,240,2024-06,80
France,Mercedes,Mercedes,3-Series,ICE,E,Sedan,XC18,MM120,240,2024-07,21
France,Mercedes,Mercedes,3-Series,ICE,E,Sedan,XC18,MM120,240,2024-08,37
France,Mercedes,Mercedes,3-Series,ICE,E,Sedan,XC18,MM120,240,2024-09,73
France,Mercedes,Mercedes,3-Series,ICE,E,Sedan,XC18,MM120,240,2024-10,25
France,Mercedes,Mercedes,3-Series,ICE,E,Sedan,XC18,MM120,240,2024-11,77
France,Mercedes,Mercedes,3-Series,ICE,E,Sedan,XC18,MM120,240,2024-12,7
France,Mercedes,Mercedes,3-Series,ICE,E,Sedan,XC18,MM120,240,2025-01,10
France,Mercedes,Mercedes,3-Series,ICE,E,Sedan,XC18,MM120,240,2025-02,20
France,Mercedes,Mercedes,3-Series,ICE,E,Sedan,XC18,MM120,240,2025-03,64
France,Mercedes,Mercedes,3-Series,ICE,E,Sedan,XC18,MM120,240,2025-04,14
France,Mercedes,Mercedes,3-Series,ICE,E,Sedan,XC18,MM120,240,2025-05,15
France,Mercedes,Mercedes,3-Series,ICE,E,Sedan,XC18,MM120,240,2025-06,0
France,Mercedes,Mercedes,3-Series,ICE,E,Sedan,XC18,MM120,240,2025-07,67
France,Mercedes,Mercedes,3-Series,ICE,E,Sedan,XC18,MM120,240,2025-08,43
France,Mercedes,Mercedes,3-Series,ICE,E,Sedan,XC18,MM120,240,2025-09,55
France,Mercedes,Mercedes,3-Series,ICE,E,Sedan,XC18,MM120,240,2025-10,86
France,Mercedes,Mercedes,3-Series,ICE,E,Sedan,XC18,MM120,240,2025-11,74
France,Mercedes,Mercedes,3-Series,ICE,E,Sedan,XC18,MM120,240,2025-12,36
France,Mercedes,Mercedes,3-Series,ICE,E,Sedan,XC18,MM120,240,2026-01,73
France,Mercedes,Mercedes,3-Series,ICE,E,Sedan,XC18,MM120,240,2026-02,7
France,Mercedes,Mercedes,3-Series,ICE,E,Sedan,XC18,MM120,240,2026-03,33
France,Mercedes,Mercedes,3-Series,ICE,E,Sedan,XC18,MM120,240,2026-04,6
France,Mercedes,Mercedes,3-Series,ICE,E,Sedan,XC18,MM120,240,2026-05,81
France,Mercedes,Mercedes,3-Series,ICE,E,Sedan,XC18,MM120,240,2026-06,90
France,Mercedes,Mercedes,3-Series,ICE,E,Sedan,XC18,MM120,240,2026-07,69
France,Mercedes,Mercedes,3-Series,ICE,E,Sedan,XC18,MM120,240,2026-08,93
France,Mercedes,Mercedes,3-Series,ICE,E,Sedan,XC18,MM120,240,2026-09,96
France,Mercedes,Mercedes,3-Series,ICE,E,Sedan,XC18,MM120,240,2026-10,66
France,Mercedes,Mercedes,3-Series,ICE,E,Sedan,XC18,MM120,240,2026-11,22
France,Mercedes,Mercedes,3-Series,ICE,E,Sedan,XC18,MM120,240,2026-12,24
France,Mercedes,Mercedes,3-Series,ICE,E,Sedan,XC18,MM120,240,2027-01,19
France,Mercedes,Mercedes,3-Series,ICE,E,Sedan,XC18,MM120,240,2027-02,56
France,Mercedes,Mercedes,3-Series,ICE,E,Sedan,XC18,MM120,240,2027-03,23
France,Mercedes,Mercedes,3-Series,ICE,E,Sedan,XC18,MM120,240,2027-04,36
France,Mercedes,Mercedes,3-Series,ICE,E,Sedan,XC18,MM120,240,2027-05,98
France,Mercedes,Mercedes,3-Series,ICE,E,Sedan,XC18,MM120,240,2027-06,62
France,Mercedes,Mercedes,3-Series,ICE,E,Sedan,XC18,MM120,240,2027-07,4
France,Mercedes,Mercedes,3-Series,ICE,E,Sedan,XC18,MM120,240,2027-08,59
France,Mercedes,Mercedes,3-Series,ICE,E,Sedan,XC18,MM120,240,2027-09,30
France,Mercedes,Mercedes,3-Series,ICE,E,Sedan,XC18,MM120,240,2027-10,73
France,Mercedes,Mercedes,3-Series,ICE,E,Sedan,XC18,MM120,240,2027-11,80
France,Mercedes,Mercedes,3-Series,ICE,E,Sedan,XC18,MM120,240,2027-12,87
France,Mercedes,Mercedes,5-Series,ICE,B,Sedan,XX10,MN10,180,2024-01,73
France,Mercedes,Mercedes,5-Series,ICE,B,Sedan,XX10,MN10,180,2024-02,52
France,Mercedes,Mercedes,5-Series,ICE,B,Sedan,XX10,MN10,180,2024-03,13
France,Mercedes,Mercedes,5-Series,ICE,B,Sedan,XX10,MN10,180,2024-04,2
France,Mercedes,Mercedes,5-Series,ICE,B,Sedan,XX10,MN10,180,2024-05,36
France,Mercedes,Mercedes,5-Series,ICE,B,Sedan,XX10,MN10,180,2024-06,82
France,Mercedes,Mercedes,5-Series,ICE,B,Sedan,XX10,MN10,180,2024-07,77
France,Mercedes,Mercedes,5-Series,ICE,B,Sedan,XX10,MN10,180,2024-08,18
France,Mercedes,Mercedes,5-Series,ICE,B,Sedan,XX10,MN10,180,2024-09,72
France,Mercedes,Mercedes,5-Series,ICE,B,Sedan,XX10,MN10,180,2024-10,60
France,Mercedes,Mercedes,5-Series,ICE,B,Sedan,XX10,MN10,180,2024-11,13
France,Mercedes,Mercedes,5-Series,ICE,B,Sedan,XX10,MN10,180,2024-12,5
France,Mercedes,Mercedes,5-Series,ICE,B,Sedan,XX10,MN10,180,2025-01,17
France,Mercedes,Mercedes,5-Series,ICE,B,Sedan,XX10,MN10,180,2025-02,56
France,Mercedes,Mercedes,5-Series,ICE,B,Sedan,XX10,MN10,180,2025-03,42
France,Mercedes,Mercedes,5-Series,ICE,B,Sedan,XX10,MN10,180,2025-04,13
France,Mercedes,Mercedes,5-Series,ICE,B,Sedan,XX10,MN10,180,2025-05,47
France,Mercedes,Mercedes,5-Series,ICE,B,Sedan,XX10,MN10,180,2025-06,89
France,Mercedes,Mercedes,5-Series,ICE,B,Sedan,XX10,MN10,180,2025-07,6
France,Mercedes,Mercedes,5-Series,ICE,B,Sedan,XX10,MN10,180,2025-08,23
France,Mercedes,Mercedes,5-Series,ICE,B,Sedan,XX10,MN10,180,2025-09,43
France,Mercedes,Mercedes,5-Series,ICE,B,Sedan,XX10,MN10,180,2025-10,50
France,Mercedes,Mercedes,5-Series,ICE,B,Sedan,XX10,MN10,180,2025-11,5
France,Mercedes,Mercedes,5-Series,ICE,B,Sedan,XX10,MN10,180,2025-12,85
France,Mercedes,Mercedes,5-Series,ICE,B,Sedan,XX10,MN10,180,2026-01,89
France,Mercedes,Mercedes,5-Series,ICE,B,Sedan,XX10,MN10,180,2026-02,17
France,Mercedes,Mercedes,5-Series,ICE,B,Sedan,XX10,MN10,180,2026-03,40
France,Mercedes,Mercedes,5-Series,ICE,B,Sedan,XX10,MN10,180,2026-04,72
France,Mercedes,Mercedes,5-Series,ICE,B,Sedan,XX10,MN10,180,2026-05,69
France,Mercedes,Mercedes,5-Series,ICE,B,Sedan,XX10,MN10,180,2026-06,80
France,Mercedes,Mercedes,5-Series,ICE,B,Sedan,XX10,MN10,180,2026-07,28
France,Mercedes,Mercedes,5-Series,ICE,B,Sedan,XX10,MN10,180,2026-08,39
France,Mercedes,Mercedes,5-Series,ICE,B,Sedan,XX10,MN10,180,2026-09,28
France,Mercedes,Mercedes,5-Series,ICE,B,Sedan,XX10,MN10,180,2026-10,58
France,Mercedes,Mercedes,5-Series,ICE,B,Sedan,XX10,MN10,180,2026-11,43
France,Mercedes,Mercedes,5-Series,ICE,B,Sedan,XX10,MN10,180,2026-12,5
France,Mercedes,Mercedes,5-Series,ICE,B,Sedan,XX10,MN10,180,2027-01,1
France,Mercedes,Mercedes,5-Series,ICE,B,Sedan,XX10,MN10,180,2027-02,97
France,Mercedes,Mercedes,5-Series,ICE,B,Sedan,XX10,MN10,180,2027-03,71
France,Mercedes,Mercedes,5-Series,ICE,B,Sedan,XX10,MN10,180,2027-04,90
France,Mercedes,Mercedes,5-Series,ICE,B,Sedan,XX10,MN10,180,2027-05,50
France,Mercedes,Mercedes,5-Series,ICE,B,Sedan,XX10,MN10,180,2027-06,73
France,Mercedes,Mercedes,5-Series,ICE,B,Sedan,XX10,MN10,180,2027-07,82
France,Mercedes,Mercedes,5-Series,ICE,B,Sedan,XX10,MN10,180,2027-08,81
France,Mercedes,Mercedes,5-Series,ICE,B,Sedan,XX10,MN10,180,2027-09,29
France,Mercedes,Mercedes,5-Series,ICE,B,Sedan,XX10,MN10,180,2027-10,36
France,Mercedes,Mercedes,5-Series,ICE,B,Sedan,XX10,MN10,180,2027-11,66
France,Mercedes,Mercedes,5-Series,ICE,B,Sedan,XX10,MN10,180,2027-12,24
France,Mercedes,Mercedes,3-Series,BEV,E,Sedan,XC20,MN76,0,2024-01,46
France,Mercedes,Mercedes,3-Series,BEV,E,Sedan,XC20,MN76,0,2024-02,52
France,Mercedes,Mercedes,3-Series,BEV,E,Sedan,XC20,MN76,0,2024-03,21
France,Mercedes,Mercedes,3-Series,BEV,E,Sedan,XC20,MN76,0,2024-04,71
France,Mercedes,Mercedes,3-Series,BEV,E,Sedan,XC20,MN76,0,2024-05,35
France,Mercedes,Mercedes,3-Series,BEV,E,Sedan,XC20,MN76,0,2024-06,29
France,Mercedes,Mercedes,3-Series,BEV,E,Sedan,XC20,MN76,0,2024-07,67
France,Mercedes,Mercedes,3-Series,BEV,E,Sedan,XC20,MN76,0,2024-08,59
France,Mercedes,Mercedes,3-Series,BEV,E,Sedan,XC20,MN76,0,2024-09,77
France,Mercedes,Mercedes,3-Series,BEV,E,Sedan,XC20,MN76,0,2024-10,92
France,Mercedes,Mercedes,3-Series,BEV,E,Sedan,XC20,MN76,0,2024-11,90
France,Mercedes,Mercedes,3-Series,BEV,E,Sedan,XC20,MN76,0,2024-12,3
France,Mercedes,Mercedes,3-Series,BEV,E,Sedan,XC20,MN76,0,2025-01,16
France,Mercedes,Mercedes,3-Series,BEV,E,Sedan,XC20,MN76,0,2025-02,29
France,Mercedes,Mercedes,3-Series,BEV,E,Sedan,XC20,MN76,0,2025-03,25
France,Mercedes,Mercedes,3-Series,BEV,E,Sedan,XC20,MN76,0,2025-04,97
France,Mercedes,Mercedes,3-Series,BEV,E,Sedan,XC20,MN76,0,2025-05,85
France,Mercedes,Mercedes,3-Series,BEV,E,Sedan,XC20,MN76,0,2025-06,0
France,Mercedes,Mercedes,3-Series,BEV,E,Sedan,XC20,MN76,0,2025-07,79
France,Mercedes,Mercedes,3-Series,BEV,E,Sedan,XC20,MN76,0,2025-08,70
France,Mercedes,Mercedes,3-Series,BEV,E,Sedan,XC20,MN76,0,2025-09,22
France,Mercedes,Mercedes,3-Series,BEV,E,Sedan,XC20,MN76,0,2025-10,96
France,Mercedes,Mercedes,3-Series,BEV,E,Sedan,XC20,MN76,0,2025-11,81
France,Mercedes,Mercedes,3-Series,BEV,E,Sedan,XC20,MN76,0,2025-12,11
France,Mercedes,Mercedes,3-Series,BEV,E,Sedan,XC20,MN76,0,2026-01,3
France,Mercedes,Mercedes,3-Series,BEV,E,Sedan,XC20,MN76,0,2026-02,94
France,Mercedes,Mercedes,3-Series,BEV,E,Sedan,XC20,MN76,0,2026-03,99
France,Mercedes,Mercedes,3-Series,BEV,E,Sedan,XC20,MN76,0,2026-04,38
France,Mercedes,Mercedes,3-Series,BEV,E,Sedan,XC20,MN76,0,2026-05,72
France,Mercedes,Mercedes,3-Series,BEV,E,Sedan,XC20,MN76,0,2026-06,51
France,Mercedes,Mercedes,3-Series,BEV,E,Sedan,XC20,MN76,0,2026-07,32
France,Mercedes,Mercedes,3-Series,BEV,E,Sedan,XC20,MN76,0,2026-08,74
France,Mercedes,Mercedes,3-Series,BEV,E,Sedan,XC20,MN76,0,2026-09,31
France,Mercedes,Mercedes,3-Series,BEV,E,Sedan,XC20,MN76,0,2026-10,29
France,Mercedes,Mercedes,3-Series,BEV,E,Sedan,XC20,MN76,0,2026-11,29
France,Mercedes,Mercedes,3-Series,BEV,E,Sedan,XC20,MN76,0,2026-12,86
France,Mercedes,Mercedes,3-Series,BEV,E,Sedan,XC20,MN76,0,2027-01,47
France,Mercedes,Mercedes,3-Series,BEV,E,Sedan,XC20,MN76,0,2027-02,52
France,Mercedes,Mercedes,3-Series,BEV,E,Sedan,XC20,MN76,0,2027-03,53
France,Mercedes,Mercedes,3-Series,BEV,E,Sedan,XC20,MN76,0,2027-04,26
France,Mercedes,Mercedes,3-Series,BEV,E,Sedan,XC20,MN76,0,2027-05,17
France,Mercedes,Mercedes,3-Series,BEV,E,Sedan,XC20,MN76,0,2027-06,44
France,Mercedes,Mercedes,3-Series,BEV,E,Sedan,XC20,MN76,0,2027-07,14
France,Mercedes,Mercedes,3-Series,BEV,E,Sedan,XC20,MN76,0,2027-08,77
France,Mercedes,Mercedes,3-Series,BEV,E,Sedan,XC20,MN76,0,2027-09,51
France,Mercedes,Mercedes,3-Series,BEV,E,Sedan,XC20,MN76,0,2027-10,10
France,Mercedes,Mercedes,3-Series,BEV,E,Sedan,XC20,MN76,0,2027-11,53
France,Mercedes,Mercedes,3-Series,BEV,E,Sedan,XC20,MN76,0,2027-12,15
Italy,Alfa Romeo,Alfa Romeo,Guilia,ICE,E,Sedan,F8,VC10,240,2024-01,71
Italy,Alfa Romeo,Alfa Romeo,Guilia,ICE,E,Sedan,F8,VC10,240,2024-02,60
Italy,Alfa Romeo,Alfa Romeo,Guilia,ICE,E,Sedan,F8,VC10,240,2024-03,35
Italy,Alfa Romeo,Alfa Romeo,Guilia,ICE,E,Sedan,F8,VC10,240,2024-04,79
Italy,Alfa Romeo,Alfa Romeo,Guilia,ICE,E,Sedan,F8,VC10,240,2024-05,28
Italy,Alfa Romeo,Alfa Romeo,Guilia,ICE,E,Sedan,F8,VC10,240,2024-06,2
Italy,Alfa Romeo,Alfa Romeo,Guilia,ICE,E,Sedan,F8,VC10,240,2024-07,2
Italy,Alfa Romeo,Alfa Romeo,Guilia,ICE,E,Sedan,F8,VC10,240,2024-08,11
Italy,Alfa Romeo,Alfa Romeo,Guilia,ICE,E,Sedan,F8,VC10,240,2024-09,23
Italy,Alfa Romeo,Alfa Romeo,Guilia,ICE,E,Sedan,F8,VC10,240,2024-10,0
Italy,Alfa Romeo,Alfa Romeo,Guilia,ICE,E,Sedan,F8,VC10,240,2024-11,46
Italy,Alfa Romeo,Alfa Romeo,Guilia,ICE,E,Sedan,F8,VC10,240,2024-12,29
Italy,Alfa Romeo,Alfa Romeo,Guilia,ICE,E,Sedan,F8,VC10,240,2025-01,40
Italy,Alfa Romeo,Alfa Romeo,Guilia,ICE,E,Sedan,F8,VC10,240,2025-02,5
Italy,Alfa Romeo,Alfa Romeo,Guilia,ICE,E,Sedan,F8,VC10,240,2025-03,51
Italy,Alfa Romeo,Alfa Romeo,Guilia,ICE,E,Sedan,F8,VC10,240,2025-04,54
Italy,Alfa Romeo,Alfa Romeo,Guilia,ICE,E,Sedan,F8,VC10,240,2025-05,22
Italy,Alfa Romeo,Alfa Romeo,Guilia,ICE,E,Sedan,F8,VC10,240,2025-06,91
Italy,Alfa Romeo,Alfa Romeo,Guilia,ICE,E,Sedan,F8,VC10,240,2025-07,43
Italy,Alfa Romeo,Alfa Romeo,Guilia,ICE,E,Sedan,F8,VC10,240,2025-08,16
Italy,Alfa Romeo,Alfa Romeo,Guilia,ICE,E,Sedan,F8,VC10,240,2025-09,30
Italy,Alfa Romeo,Alfa Romeo,Guilia,ICE,E,Sedan,F8,VC10,240,2025-10,54
Italy,Alfa Romeo,Alfa Romeo,Guilia,ICE,E,Sedan,F8,VC10,240,2025-11,84
Italy,Alfa Romeo,Alfa Romeo,Guilia,ICE,E,Sedan,F8,VC10,240,2025-12,47
Italy,Alfa Romeo,Alfa Romeo,Guilia,ICE,E,Sedan,F8,VC10,240,2026-01,74
Italy,Alfa Romeo,Alfa Romeo,Guilia,ICE,E,Sedan,F8,VC10,240,2026-02,43
Italy,Alfa Romeo,Alfa Romeo,Guilia,ICE,E,Sedan,F8,VC10,240,2026-03,18
Italy,Alfa Romeo,Alfa Romeo,Guilia,ICE,E,Sedan,F8,VC10,240,2026-04,88
Italy,Alfa Romeo,Alfa Romeo,Guilia,ICE,E,Sedan,F8,VC10,240,2026-05,55
Italy,Alfa Romeo,Alfa Romeo,Guilia,ICE,E,Sedan,F8,VC10,240,2026-06,24
Italy,Alfa Romeo,Alfa Romeo,Guilia,ICE,E,Sedan,F8,VC10,240,2026-07,77
Italy,Alfa Romeo,Alfa Romeo,Guilia,ICE,E,Sedan,F8,VC10,240,2026-08,71
Italy,Alfa Romeo,Alfa Romeo,Guilia,ICE,E,Sedan,F8,VC10,240,2026-09,42
Italy,Alfa Romeo,Alfa Romeo,Guilia,ICE,E,Sedan,F8,VC10,240,2026-10,21
Italy,Alfa Romeo,Alfa Romeo,Guilia,ICE,E,Sedan,F8,VC10,240,2026-11,43
Italy,Alfa Romeo,Alfa Romeo,Guilia,ICE,E,Sedan,F8,VC10,240,2026-12,55
Italy,Alfa Romeo,Alfa Romeo,Guilia,ICE,E,Sedan,F8,VC10,240,2027-01,22
Italy,Alfa Romeo,Alfa Romeo,Guilia,ICE,E,Sedan,F8,VC10,240,2027-02,35
Italy,Alfa Romeo,Alfa Romeo,Guilia,ICE,E,Sedan,F8,VC10,240,2027-03,70
Italy,Alfa Romeo,Alfa Romeo,Guilia,ICE,E,Sedan,F8,VC10,240,2027-04,64
Italy,Alfa Romeo,Alfa Romeo,Guilia,ICE,E,Sedan,F8,VC10,240,2027-05,16
Italy,Alfa Romeo,Alfa Romeo,Guilia,ICE,E,Sedan,F8,VC10,240,2027-06,19
Italy,Alfa Romeo,Alfa Romeo,Guilia,ICE,E,Sedan,F8,VC10,240,2027-07,24
Italy,Alfa Romeo,Alfa Romeo,Guilia,ICE,E,Sedan,F8,VC10,240,2027-08,33
Italy,Alfa Romeo,Alfa Romeo,Guilia,ICE,E,Sedan,F8,VC10,240,2027-09,78
Italy,Alfa Romeo,Alfa Romeo,Guilia,ICE,E,Sedan,F8,VC10,240,2027-10,35
Italy,Alfa Romeo,Alfa Romeo,Guilia,ICE,E,Sedan,F8,VC10,240,2027-11,32
Italy,Alfa Romeo,Alfa Romeo,Guilia,ICE,E,Sedan,F8,VC10,240,2027-12,24
Italy,Alfa Romeo,Alfa Romeo,Guilia,ICE,E,Sedan,XX10,VC12,210,2024-01,85
Italy,Alfa Romeo,Alfa Romeo,Guilia,ICE,E,Sedan,XX10,VC12,210,2024-02,60
Italy,Alfa Romeo,Alfa Romeo,Guilia,ICE,E,Sedan,XX10,VC12,210,2024-03,72
Italy,Alfa Romeo,Alfa Romeo,Guilia,ICE,E,Sedan,XX10,VC12,210,2024-04,52
Italy,Alfa Romeo,Alfa Romeo,Guilia,ICE,E,Sedan,XX10,VC12,210,2024-05,64
Italy,Alfa Romeo,Alfa Romeo,Guilia,ICE,E,Sedan,XX10,VC12,210,2024-06,83
Italy,Alfa Romeo,Alfa Romeo,Guilia,ICE,E,Sedan,XX10,VC12,210,2024-07,76
Italy,Alfa Romeo,Alfa Romeo,Guilia,ICE,E,Sedan,XX10,VC12,210,2024-08,31
Italy,Alfa Romeo,Alfa Romeo,Guilia,ICE,E,Sedan,XX10,VC12,210,2024-09,4
Italy,Alfa Romeo,Alfa Romeo,Guilia,ICE,E,Sedan,XX10,VC12,210,2024-10,14
Italy,Alfa Romeo,Alfa Romeo,Guilia,ICE,E,Sedan,XX10,VC12,210,2024-11,33
Italy,Alfa Romeo,Alfa Romeo,Guilia,ICE,E,Sedan,XX10,VC12,210,2024-12,82
Italy,Alfa Romeo,Alfa Romeo,Guilia,ICE,E,Sedan,XX10,VC12,210,2025-01,38
Italy,Alfa Romeo,Alfa Romeo,Guilia,ICE,E,Sedan,XX10,VC12,210,2025-02,48
Italy,Alfa Romeo,Alfa Romeo,Guilia,ICE,E,Sedan,XX10,VC12,210,2025-03,85
Italy,Alfa Romeo,Alfa Romeo,Guilia,ICE,E,Sedan,XX10,VC12,210,2025-04,40
Italy,Alfa Romeo,Alfa Romeo,Guilia,ICE,E,Sedan,XX10,VC12,210,2025-05,31
Italy,Alfa Romeo,Alfa Romeo,Guilia,ICE,E,Sedan,XX10,VC12,210,2025-06,19
Italy,Alfa Romeo,Alfa Romeo,Guilia,ICE,E,Sedan,XX10,VC12,210,2025-07,48
Italy,Alfa Romeo,Alfa Romeo,Guilia,ICE,E,Sedan,XX10,VC12,210,2025-08,3
Italy,Alfa Romeo,Alfa Romeo,Guilia,ICE,E,Sedan,XX10,VC12,210,2025-09,1
Italy,Alfa Romeo,Alfa Romeo,Guilia,ICE,E,Sedan,XX10,VC12,210,2025-10,9
Italy,Alfa Romeo,Alfa Romeo,Guilia,ICE,E,Sedan,XX10,VC12,210,2025-11,99
Italy,Alfa Romeo,Alfa Romeo,Guilia,ICE,E,Sedan,XX10,VC12,210,2025-12,10
Italy,Alfa Romeo,Alfa Romeo,Guilia,ICE,E,Sedan,XX10,VC12,210,2026-01,40
Italy,Alfa Romeo,Alfa Romeo,Guilia,ICE,E,Sedan,XX10,VC12,210,2026-02,32
Italy,Alfa Romeo,Alfa Romeo,Guilia,ICE,E,Sedan,XX10,VC12,210,2026-03,82
Italy,Alfa Romeo,Alfa Romeo,Guilia,ICE,E,Sedan,XX10,VC12,210,2026-04,45
Italy,Alfa Romeo,Alfa Romeo,Guilia,ICE,E,Sedan,XX10,VC12,210,2026-05,56
Italy,Alfa Romeo,Alfa Romeo,Guilia,ICE,E,Sedan,XX10,VC12,210,2026-06,82
Italy,Alfa Romeo,Alfa Romeo,Guilia,ICE,E,Sedan,XX10,VC12,210,2026-07,91
Italy,Alfa Romeo,Alfa Romeo,Guilia,ICE,E,Sedan,XX10,VC12,210,2026-08,38
Italy,Alfa Romeo,Alfa Romeo,Guilia,ICE,E,Sedan,XX10,VC12,210,2026-09,3
Italy,Alfa Romeo,Alfa Romeo,Guilia,ICE,E,Sedan,XX10,VC12,210,2026-10,18
Italy,Alfa Romeo,Alfa Romeo,Guilia,ICE,E,Sedan,XX10,VC12,210,2026-11,71
Italy,Alfa Romeo,Alfa Romeo,Guilia,ICE,E,Sedan,XX10,VC12,210,2026-12,31
Italy,Alfa Romeo,Alfa Romeo,Guilia,ICE,E,Sedan,XX10,VC12,210,2027-01,53
Italy,Alfa Romeo,Alfa Romeo,Guilia,ICE,E,Sedan,XX10,VC12,210,2027-02,41
Italy,Alfa Romeo,Alfa Romeo,Guilia,ICE,E,Sedan,XX10,VC12,210,2027-03,15
Italy,Alfa Romeo,Alfa Romeo,Guilia,ICE,E,Sedan,XX10,VC12,210,2027-04,9
Italy,Alfa Romeo,Alfa Romeo,Guilia,ICE,E,Sedan,XX10,VC12,210,2027-05,2
Italy,Alfa Romeo,Alfa Romeo,Guilia,ICE,E,Sedan,XX10,VC12,210,2027-06,74
Italy,Alfa Romeo,Alfa Romeo,Guilia,ICE,E,Sedan,XX10,VC12,210,2027-07,6
Italy,Alfa Romeo,Alfa Romeo,Guilia,ICE,E,Sedan,XX10,VC12,210,2027-08,80
Italy,Alfa Romeo,Alfa Romeo,Guilia,ICE,E,Sedan,XX10,VC12,210,2027-09,77
Italy,Alfa Romeo,Alfa Romeo,Guilia,ICE,E,Sedan,XX10,VC12,210,2027-10,61
Italy,Alfa Romeo,Alfa Romeo,Guilia,ICE,E,Sedan,XX10,VC12,210,2027-11,19
Italy,Alfa Romeo,Alfa Romeo,Guilia,ICE,E,Sedan,XX10,VC12,210,2027-12,35
Italy,Alfa Romeo,Alfa Romeo,Guilia,BEV,E,Sedan,F2,VC16,0,2024-01,81
Italy,Alfa Romeo,Alfa Romeo,Guilia,BEV,E,Sedan,F2,VC16,0,2024-02,52
Italy,Alfa Romeo,Alfa Romeo,Guilia,BEV,E,Sedan,F2,VC16,0,2024-03,89
Italy,Alfa Romeo,Alfa Romeo,Guilia,BEV,E,Sedan,F2,VC16,0,2024-04,77
Italy,Alfa Romeo,Alfa Romeo,Guilia,BEV,E,Sedan,F2,VC16,0,2024-05,42
Italy,Alfa Romeo,Alfa Romeo,Guilia,BEV,E,Sedan,F2,VC16,0,2024-06,68
Italy,Alfa Romeo,Alfa Romeo,Guilia,BEV,E,Sedan,F2,VC16,0,2024-07,13
Italy,Alfa Romeo,Alfa Romeo,Guilia,BEV,E,Sedan,F2,VC16,0,2024-08,78
Italy,Alfa Romeo,Alfa Romeo,Guilia,BEV,E,Sedan,F2,VC16,0,2024-09,57
Italy,Alfa Romeo,Alfa Romeo,Guilia,BEV,E,Sedan,F2,VC16,0,2024-10,55
Italy,Alfa Romeo,Alfa Romeo,Guilia,BEV,E,Sedan,F2,VC16,0,2024-11,61
Italy,Alfa Romeo,Alfa Romeo,Guilia,BEV,E,Sedan,F2,VC16,0,2024-12,69
Italy,Alfa Romeo,Alfa Romeo,Guilia,BEV,E,Sedan,F2,VC16,0,2025-01,44
Italy,Alfa Romeo,Alfa Romeo,Guilia,BEV,E,Sedan,F2,VC16,0,2025-02,81
Italy,Alfa Romeo,Alfa Romeo,Guilia,BEV,E,Sedan,F2,VC16,0,2025-03,16
Italy,Alfa Romeo,Alfa Romeo,Guilia,BEV,E,Sedan,F2,VC16,0,2025-04,33
Italy,Alfa Romeo,Alfa Romeo,Guilia,BEV,E,Sedan,F2,VC16,0,2025-05,81
Italy,Alfa Romeo,Alfa Romeo,Guilia,BEV,E,Sedan,F2,VC16,0,2025-06,26
Italy,Alfa Romeo,Alfa Romeo,Guilia,BEV,E,Sedan,F2,VC16,0,2025-07,20
Italy,Alfa Romeo,Alfa Romeo,Guilia,BEV,E,Sedan,F2,VC16,0,2025-08,10
Italy,Alfa Romeo,Alfa Romeo,Guilia,BEV,E,Sedan,F2,VC16,0,2025-09,56
Italy,Alfa Romeo,Alfa Romeo,Guilia,BEV,E,Sedan,F2,VC16,0,2025-10,78
Italy,Alfa Romeo,Alfa Romeo,Guilia,BEV,E,Sedan,F2,VC16,0,2025-11,7
Italy,Alfa Romeo,Alfa Romeo,Guilia,BEV,E,Sedan,F2,VC16,0,2025-12,37
Italy,Alfa Romeo,Alfa Romeo,Guilia,BEV,E,Sedan,F2,VC16,0,2026-01,4
Italy,Alfa Romeo,Alfa Romeo,Guilia,BEV,E,Sedan,F2,VC16,0,2026-02,56
Italy,Alfa Romeo,Alfa Romeo,Guilia,BEV,E,Sedan,F2,VC16,0,2026-03,9
Italy,Alfa Romeo,Alfa Romeo,Guilia,BEV,E,Sedan,F2,VC16,0,2026-04,50
Italy,Alfa Romeo,Alfa Romeo,Guilia,BEV,E,Sedan,F2,VC16,0,2026-05,84
Italy,Alfa Romeo,Alfa Romeo,Guilia,BEV,E,Sedan,F2,VC16,0,2026-06,82
Italy,Alfa Romeo,Alfa Romeo,Guilia,BEV,E,Sedan,F2,VC16,0,2026-07,96
Italy,Alfa Romeo,Alfa Romeo,Guilia,BEV,E,Sedan,F2,VC16,0,2026-08,18
Italy,Alfa Romeo,Alfa Romeo,Guilia,BEV,E,Sedan,F2,VC16,0,2026-09,1
Italy,Alfa Romeo,Alfa Romeo,Guilia,BEV,E,Sedan,F2,VC16,0,2026-10,8
Italy,Alfa Romeo,Alfa Romeo,Guilia,BEV,E,Sedan,F2,VC16,0,2026-11,57
Italy,Alfa Romeo,Alfa Romeo,Guilia,BEV,E,Sedan,F2,VC16,0,2026-12,18
Italy,Alfa Romeo,Alfa Romeo,Guilia,BEV,E,Sedan,F2,VC16,0,2027-01,2
Italy,Alfa Romeo,Alfa Romeo,Guilia,BEV,E,Sedan,F2,VC16,0,2027-02,100
Italy,Alfa Romeo,Alfa Romeo,Guilia,BEV,E,Sedan,F2,VC16,0,2027-03,63
Italy,Alfa Romeo,Alfa Romeo,Guilia,BEV,E,Sedan,F2,VC16,0,2027-04,71
Italy,Alfa Romeo,Alfa Romeo,Guilia,BEV,E,Sedan,F2,VC16,0,2027-05,1
Italy,Alfa Romeo,Alfa Romeo,Guilia,BEV,E,Sedan,F2,VC16,0,2027-06,48
Italy,Alfa Romeo,Alfa Romeo,Guilia,BEV,E,Sedan,F2,VC16,0,2027-07,3
Italy,Alfa Romeo,Alfa Romeo,Guilia,BEV,E,Sedan,F2,VC16,0,2027-08,71
Italy,Alfa Romeo,Alfa Romeo,Guilia,BEV,E,Sedan,F2,VC16,0,2027-09,68
Italy,Alfa Romeo,Alfa Romeo,Guilia,BEV,E,Sedan,F2,VC16,0,2027-10,55
Italy,Alfa Romeo,Alfa Romeo,Guilia,BEV,E,Sedan,F2,VC16,0,2027-11,41
Italy,Alfa Romeo,Alfa Romeo,Guilia,BEV,E,Sedan,F2,VC16,0,2027-12,56
Italy,Alfa Romeo,Alfa Romeo,Guilia,BEV,E,Sedan,F10,VC20,0,2024-01,6
Italy,Alfa Romeo,Alfa Romeo,Guilia,BEV,E,Sedan,F10,VC20,0,2024-02,2
Italy,Alfa Romeo,Alfa Romeo,Guilia,BEV,E,Sedan,F10,VC20,0,2024-03,43
Italy,Alfa Romeo,Alfa Romeo,Guilia,BEV,E,Sedan,F10,VC20,0,2024-04,14
Italy,Alfa Romeo,Alfa Romeo,Guilia,BEV,E,Sedan,F10,VC20,0,2024-05,52
Italy,Alfa Romeo,Alfa Romeo,Guilia,BEV,E,Sedan,F10,VC20,0,2024-06,36
Italy,Alfa Romeo,Alfa Romeo,Guilia,BEV,E,Sedan,F10,VC20,0,2024-07,52
Italy,Alfa Romeo,Alfa Romeo,Guilia,BEV,E,Sedan,F10,VC20,0,2024-08,96
Italy,Alfa Romeo,Alfa Romeo,Guilia,BEV,E,Sedan,F10,VC20,0,2024-09,73
Italy,Alfa Romeo,Alfa Romeo,Guilia,BEV,E,Sedan,F10,VC20,0,2024-10,49
Italy,Alfa Romeo,Alfa Romeo,Guilia,BEV,E,Sedan,F10,VC20,0,2024-11,71
Italy,Alfa Romeo,Alfa Romeo,Guilia,BEV,E,Sedan,F10,VC20,0,2024-12,88
Italy,Alfa Romeo,Alfa Romeo,Guilia,BEV,E,Sedan,F10,VC20,0,2025-01,74
Italy,Alfa Romeo,Alfa Romeo,Guilia,BEV,E,Sedan,F10,VC20,0,2025-02,8
Italy,Alfa Romeo,Alfa Romeo,Guilia,BEV,E,Sedan,F10,VC20,0,2025-03,58
Italy,Alfa Romeo,Alfa Romeo,Guilia,BEV,E,Sedan,F10,VC20,0,2025-04,25
Italy,Alfa Romeo,Alfa Romeo,Guilia,BEV,E,Sedan,F10,VC20,0,2025-05,76
Italy,Alfa Romeo,Alfa Romeo,Guilia,BEV,E,Sedan,F10,VC20,0,2025-06,12
Italy,Alfa Romeo,Alfa Romeo,Guilia,BEV,E,Sedan,F10,VC20,0,2025-07,43
Italy,Alfa Romeo,Alfa Romeo,Guilia,BEV,E,Sedan,F10,VC20,0,2025-08,83
Italy,Alfa Romeo,Alfa Romeo,Guilia,BEV,E,Sedan,F10,VC20,0,2025-09,85
Italy,Alfa Romeo,Alfa Romeo,Guilia,BEV,E,Sedan,F10,VC20,0,2025-10,46
Italy,Alfa Romeo,Alfa Romeo,Guilia,BEV,E,Sedan,F10,VC20,0,2025-11,34
Italy,Alfa Romeo,Alfa Romeo,Guilia,BEV,E,Sedan,F10,VC20,0,2025-12,81
Italy,Alfa Romeo,Alfa Romeo,Guilia,BEV,E,Sedan,F10,VC20,0,2026-01,51
Italy,Alfa Romeo,Alfa Romeo,Guilia,BEV,E,Sedan,F10,VC20,0,2026-02,41
Italy,Alfa Romeo,Alfa Romeo,Guilia,BEV,E,Sedan,F10,VC20,0,2026-03,96
Italy,Alfa Romeo,Alfa Romeo,Guilia,BEV,E,Sedan,F10,VC20,0,2026-04,2
Italy,Alfa Romeo,Alfa Romeo,Guilia,BEV,E,Sedan,F10,VC20,0,2026-05,6
Italy,Alfa Romeo,Alfa Romeo,Guilia,BEV,E,Sedan,F10,VC20,0,2026-06,25
Italy,Alfa Romeo,Alfa Romeo,Guilia,BEV,E,Sedan,F10,VC20,0,2026-07,78
Italy,Alfa Romeo,Alfa Romeo,Guilia,BEV,E,Sedan,F10,VC20,0,2026-08,11
Italy,Alfa Romeo,Alfa Romeo,Guilia,BEV,E,Sedan,F10,VC20,0,2026-09,98
Italy,Alfa Romeo,Alfa Romeo,Guilia,BEV,E,Sedan,F10,VC20,0,2026-10,16
Italy,Alfa Romeo,Alfa Romeo,Guilia,BEV,E,Sedan,F10,VC20,0,2026-11,32
Italy,Alfa Romeo,Alfa Romeo,Guilia,BEV,E,Sedan,F10,VC20,0,2026-12,58
Italy,Alfa Romeo,Alfa Romeo,Guilia,BEV,E,Sedan,F10,VC20,0,2027-01,87
Italy,Alfa Romeo,Alfa Romeo,Guilia,BEV,E,Sedan,F10,VC20,0,2027-02,39
Italy,Alfa Romeo,Alfa Romeo,Guilia,BEV,E,Sedan,F10,VC20,0,2027-03,98
Italy,Alfa Romeo,Alfa Romeo,Guilia,BEV,E,Sedan,F10,VC20,0,2027-04,58
Italy,Alfa Romeo,Alfa Romeo,Guilia,BEV,E,Sedan,F10,VC20,0,2027-05,69
Italy,Alfa Romeo,Alfa Romeo,Guilia,BEV,E,Sedan,F10,VC20,0,2027-06,64
Italy,Alfa Romeo,Alfa Romeo,Guilia,BEV,E,Sedan,F10,VC20,0,2027-07,93
Italy,Alfa Romeo,Alfa Romeo,Guilia,BEV,E,Sedan,F10,VC20,0,2027-08,17
Italy,Alfa Romeo,Alfa Romeo,Guilia,BEV,E,Sedan,F10,VC20,0,2027-09,29
Italy,Alfa Romeo,Alfa Romeo,Guilia,BEV,E,Sedan,F10,VC20,0,2027-10,80
Italy,Alfa Romeo,Alfa Romeo,Guilia,BEV,E,Sedan,F10,VC20,0,2027-11,65
Italy,Alfa Romeo,Alfa Romeo,Guilia,BEV,E,Sedan,F10,VC20,0,2027-12,81
Italy,Mercedes,Mercedes,3-Series,ICE,E,Sedan,XC18,MM120,240,2024-01,50
Italy,Mercedes,Mercedes,3-Series,ICE,E,Sedan,XC18,MM120,240,2024-02,11
Italy,Mercedes,Mercedes,3-Series,ICE,E,Sedan,XC18,MM120,240,2024-03,87
Italy,Mercedes,Mercedes,3-Series,ICE,E,Sedan,XC18,MM120,240,2024-04,58
Italy,Mercedes,Mercedes,3-Series,ICE,E,Sedan,XC18,MM120,240,2024-05,22
Italy,Mercedes,Mercedes,3-Series,ICE,E,Sedan,XC18,MM120,240,2024-06,36
Italy,Mercedes,Mercedes,3-Series,ICE,E,Sedan,XC18,MM120,240,2024-07,63
Italy,Mercedes,Mercedes,3-Series,ICE,E,Sedan,XC18,MM120,240,2024-08,9
Italy,Mercedes,Mercedes,3-Series,ICE,E,Sedan,XC18,MM120,240,2024-09,11
Italy,Mercedes,Mercedes,3-Series,ICE,E,Sedan,XC18,MM120,240,2024-10,64
Italy,Mercedes,Mercedes,3-Series,ICE,E,Sedan,XC18,MM120,240,2024-11,49
Italy,Mercedes,Mercedes,3-Series,ICE,E,Sedan,XC18,MM120,240,2024-12,41
Italy,Mercedes,Mercedes,3-Series,ICE,E,Sedan,XC18,MM120,240,2025-01,67
Italy,Mercedes,Mercedes,3-Series,ICE,E,Sedan,XC18,MM120,240,2025-02,5
Italy,Mercedes,Mercedes,3-Series,ICE,E,Sedan,XC18,MM120,240,2025-03,16
Italy,Mercedes,Mercedes,3-Series,ICE,E,Sedan,XC18,MM120,240,2025-04,60
Italy,Mercedes,Mercedes,3-Series,ICE,E,Sedan,XC18,MM120,240,2025-05,91
Italy,Mercedes,Mercedes,3-Series,ICE,E,Sedan,XC18,MM120,240,2025-06,76
Italy,Mercedes,Mercedes,3-Series,ICE,E,Sedan,XC18,MM120,240,2025-07,61
Italy,Mercedes,Mercedes,3-Series,ICE,E,Sedan,XC18,MM120,240,2025-08,93
Italy,Mercedes,Mercedes,3-Series,ICE,E,Sedan,XC18,MM120,240,2025-09,4
Italy,Mercedes,Mercedes,3-Series,ICE,E,Sedan,XC18,MM120,240,2025-10,48
Italy,Mercedes,Mercedes,3-Series,ICE,E,Sedan,XC18,MM120,240,2025-11,21
Italy,Mercedes,Mercedes,3-Series,ICE,E,Sedan,XC18,MM120,240,2025-12,100
Italy,Mercedes,Mercedes,3-Series,ICE,E,Sedan,XC18,MM120,240,2026-01,13
Italy,Mercedes,Mercedes,3-Series,ICE,E,Sedan,XC18,MM120,240,2026-02,23
Italy,Mercedes,Mercedes,3-Series,ICE,E,Sedan,XC18,MM120,240,2026-03,89
Italy,Mercedes,Mercedes,3-Series,ICE,E,Sedan,XC18,MM120,240,2026-04,64
Italy,Mercedes,Mercedes,3-Series,ICE,E,Sedan,XC18,MM120,240,2026-05,22
Italy,Mercedes,Mercedes,3-Series,ICE,E,Sedan,XC18,MM120,240,2026-06,59
Italy,Mercedes,Mercedes,3-Series,ICE,E,Sedan,XC18,MM120,240,2026-07,59
Italy,Mercedes,Mercedes,3-Series,ICE,E,Sedan,XC18,MM120,240,2026-08,100
Italy,Mercedes,Mercedes,3-Series,ICE,E,Sedan,XC18,MM120,240,2026-09,62
Italy,Mercedes,Mercedes,3-Series,ICE,E,Sedan,XC18,MM120,240,2026-10,44
Italy,Mercedes,Mercedes,3-Series,ICE,E,Sedan,XC18,MM120,240,2026-11,62
Italy,Mercedes,Mercedes,3-Series,ICE,E,Sedan,XC18,MM120,240,2026-12,51
Italy,Mercedes,Mercedes,3-Series,ICE,E,Sedan,XC18,MM120,240,2027-01,49
Italy,Mercedes,Mercedes,3-Series,ICE,E,Sedan,XC18,MM120,240,2027-02,83
Italy,Mercedes,Mercedes,3-Series,ICE,E,Sedan,XC18,MM120,240,2027-03,6
Italy,Mercedes,Mercedes,3-Series,ICE,E,Sedan,XC18,MM120,240,2027-04,12
Italy,Mercedes,Mercedes,3-Series,ICE,E,Sedan,XC18,MM120,240,2027-05,29
Italy,Mercedes,Mercedes,3-Series,ICE,E,Sedan,XC18,MM120,240,2027-06,33
Italy,Mercedes,Mercedes,3-Series,ICE,E,Sedan,XC18,MM120,240,2027-07,76
Italy,Mercedes,Mercedes,3-Series,ICE,E,Sedan,XC18,MM120,240,2027-08,4
Italy,Mercedes,Mercedes,3-Series,ICE,E,Sedan,XC18,MM120,240,2027-09,29
Italy,Mercedes,Mercedes,3-Series,ICE,E,Sedan,XC18,MM120,240,2027-10,44
Italy,Mercedes,Mercedes,3-Series,ICE,E,Sedan,XC18,MM120,240,2027-11,66
Italy,Mercedes,Mercedes,3-Series,ICE,E,Sedan,XC18,MM120,240,2027-12,49
Italy,Mercedes,Mercedes,5-Series,ICE,B,Sedan,XX10,MN10,180,2024-01,68
Italy,Mercedes,Mercedes,5-Series,ICE,B,Sedan,XX10,MN10,180,2024-02,7
Italy,Mercedes,Mercedes,5-Series,ICE,B,Sedan,XX10,MN10,180,2024-03,4
Italy,Mercedes,Mercedes,5-Series,ICE,B,Sedan,XX10,MN10,180,2024-04,60
Italy,Mercedes,Mercedes,5-Series,ICE,B,Sedan,XX10,MN10,180,2024-05,46
Italy,Mercedes,Mercedes,5-Series,ICE,B,Sedan,XX10,MN10,180,2024-06,94
Italy,Mercedes,Mercedes,5-Series,ICE,B,Sedan,XX10,MN10,180,2024-07,95
Italy,Mercedes,Mercedes,5-Series,ICE,B,Sedan,XX10,MN10,180,2024-08,73
Italy,Mercedes,Mercedes,5-Series,ICE,B,Sedan,XX10,MN10,180,2024-09,49
Italy,Mercedes,Mercedes,5-Series,ICE,B,Sedan,XX10,MN10,180,2024-10,77
Italy,Mercedes,Mercedes,5-Series,ICE,B,Sedan,XX10,MN10,180,2024-11,65
Italy,Mercedes,Mercedes,5-Series,ICE,B,Sedan,XX10,MN10,180,2024-12,4
Italy,Mercedes,Mercedes,5-Series,ICE,B,Sedan,XX10,MN10,180,2025-01,42
Italy,Mercedes,Mercedes,5-Series,ICE,B,Sedan,XX10,MN10,180,2025-02,18
Italy,Mercedes,Mercedes,5-Series,ICE,B,Sedan,XX10,MN10,180,2025-03,78
Italy,Mercedes,Mercedes,5-Series,ICE,B,Sedan,XX10,MN10,180,2025-04,28
Italy,Mercedes,Mercedes,5-Series,ICE,B,Sedan,XX10,MN10,180,2025-05,19
Italy,Mercedes,Mercedes,5-Series,ICE,B,Sedan,XX10,MN10,180,2025-06,34
Italy,Mercedes,Mercedes,5-Series,ICE,B,Sedan,XX10,MN10,180,2025-07,74
Italy,Mercedes,Mercedes,5-Series,ICE,B,Sedan,XX10,MN10,180,2025-08,98
Italy,Mercedes,Mercedes,5-Series,ICE,B,Sedan,XX10,MN10,180,2025-09,82
Italy,Mercedes,Mercedes,5-Series,ICE,B,Sedan,XX10,MN10,180,2025-10,22
Italy,Mercedes,Mercedes,5-Series,ICE,B,Sedan,XX10,MN10,180,2025-11,73
Italy,Mercedes,Mercedes,5-Series,ICE,B,Sedan,XX10,MN10,180,2025-12,2
Italy,Mercedes,Mercedes,5-Series,ICE,B,Sedan,XX10,MN10,180,2026-01,15
Italy,Mercedes,Mercedes,5-Series,ICE,B,Sedan,XX10,MN10,180,2026-02,34
Italy,Mercedes,Mercedes,5-Series,ICE,B,Sedan,XX10,MN10,180,2026-03,99
Italy,Mercedes,Mercedes,5-Series,ICE,B,Sedan,XX10,MN10,180,2026-04,80
Italy,Mercedes,Mercedes,5-Series,ICE,B,Sedan,XX10,MN10,180,2026-05,40
Italy,Mercedes,Mercedes,5-Series,ICE,B,Sedan,XX10,MN10,180,2026-06,73
Italy,Mercedes,Mercedes,5-Series,ICE,B,Sedan,XX10,MN10,180,2026-07,10
Italy,Mercedes,Mercedes,5-Series,ICE,B,Sedan,XX10,MN10,180,2026-08,18
Italy,Mercedes,Mercedes,5-Series,ICE,B,Sedan,XX10,MN10,180,2026-09,67
Italy,Mercedes,Mercedes,5-Series,ICE,B,Sedan,XX10,MN10,180,2026-10,28
Italy,Mercedes,Mercedes,5-Series,ICE,B,Sedan,XX10,MN10,180,2026-11,7
Italy,Mercedes,Mercedes,5-Series,ICE,B,Sedan,XX10,MN10,180,2026-12,68
Italy,Mercedes,Mercedes,5-Series,ICE,B,Sedan,XX10,MN10,180,2027-01,31
Italy,Mercedes,Mercedes,5-Series,ICE,B,Sedan,XX10,MN10,180,2027-02,56
Italy,Mercedes,Mercedes,5-Series,ICE,B,Sedan,XX10,MN10,180,2027-03,77
Italy,Mercedes,Mercedes,5-Series,ICE,B,Sedan,XX10,MN10,180,2027-04,60
Italy,Mercedes,Mercedes,5-Series,ICE,B,Sedan,XX10,MN10,180,2027-05,50
Italy,Mercedes,Mercedes,5-Series,ICE,B,Sedan,XX10,MN10,180,2027-06,93
Italy,Mercedes,Mercedes,5-Series,ICE,B,Sedan,XX10,MN10,180,2027-07,94
Italy,Mercedes,Mercedes,5-Series,ICE,B,Sedan,XX10,MN10,180,2027-08,26
Italy,Mercedes,Mercedes,5-Series,ICE,B,Sedan,XX10,MN10,180,2027-09,7
Italy,Mercedes,Mercedes,5-Series,ICE,B,Sedan,XX10,MN10,180,2027-10,88
Italy,Mercedes,Mercedes,5-Series,ICE,B,Sedan,XX10,MN10,180,2027-11,41
Italy,Mercedes,Mercedes,5-Series,ICE,B,Sedan,XX10,MN10,180,2027-12,20
Italy,Mercedes,Mercedes,3-Series,BEV,E,Sedan,XC20,MN76,0,2024-01,30
Italy,Mercedes,Mercedes,3-Series,BEV,E,Sedan,XC20,MN76,0,2024-02,19
Italy,Mercedes,Mercedes,3-Series,BEV,E,Sedan,XC20,MN76,0,2024-03,14
Italy,Mercedes,Mercedes,3-Series,BEV,E,Sedan,XC20,MN76,0,2024-04,96
Italy,Mercedes,Mercedes,3-Series,BEV,E,Sedan,XC20,MN76,0,2024-05,66
Italy,Mercedes,Mercedes,3-Series,BEV,E,Sedan,XC20,MN76,0,2024-06,37
Italy,Mercedes,Mercedes,3-Series,BEV,E,Sedan,XC20,MN76,0,2024-07,72
Italy,Mercedes,Mercedes,3-Series,BEV,E,Sedan,XC20,MN76,0,2024-08,51
Italy,Mercedes,Mercedes,3-Series,BEV,E,Sedan,XC20,MN76,0,2024-09,13
Italy,Mercedes,Mercedes,3-Series,BEV,E,Sedan,XC20,MN76,0,2024-10,71
Italy,Mercedes,Mercedes,3-Series,BEV,E,Sedan,XC20,MN76,0,2024-11,29
Italy,Mercedes,Mercedes,3-Series,BEV,E,Sedan,XC20,MN76,0,2024-12,33
Italy,Mercedes,Mercedes,3-Series,BEV,E,Sedan,XC20,MN76,0,2025-01,45
Italy,Mercedes,Mercedes,3-Series,BEV,E,Sedan,XC20,MN76,0,2025-02,12
Italy,Mercedes,Mercedes,3-Series,BEV,E,Sedan,XC20,MN76,0,2025-03,53
Italy,Mercedes,Mercedes,3-Series,BEV,E,Sedan,XC20,MN76,0,2025-04,93
Italy,Mercedes,Mercedes,3-Series,BEV,E,Sedan,XC20,MN76,0,2025-05,69
Italy,Mercedes,Mercedes,3-Series,BEV,E,Sedan,XC20,MN76,0,2025-06,69
Italy,Mercedes,Mercedes,3-Series,BEV,E,Sedan,XC20,MN76,0,2025-07,96
Italy,Mercedes,Mercedes,3-Series,BEV,E,Sedan,XC20,MN76,0,2025-08,4
Italy,Mercedes,Mercedes,3-Series,BEV,E,Sedan,XC20,MN76,0,2025-09,73
Italy,Mercedes,Mercedes,3-Series,BEV,E,Sedan,XC20,MN76,0,2025-10,99
Italy,Mercedes,Mercedes,3-Series,BEV,E,Sedan,XC20,MN76,0,2025-11,3
Italy,Mercedes,Mercedes,3-Series,BEV,E,Sedan,XC20,MN76,0,2025-12,14
Italy,Mercedes,Mercedes,3-Series,BEV,E,Sedan,XC20,MN76,0,2026-01,37
Italy,Mercedes,Mercedes,3-Series,BEV,E,Sedan,XC20,MN76,0,2026-02,61
Italy,Mercedes,Mercedes,3-Series,BEV,E,Sedan,XC20,MN76,0,2026-03,80
Italy,Mercedes,Mercedes,3-Series,BEV,E,Sedan,XC20,MN76,0,2026-04,5
Italy,Mercedes,Mercedes,3-Series,BEV,E,Sedan,XC20,MN76,0,2026-05,39
Italy,Mercedes,Mercedes,3-Series,BEV,E,Sedan,XC20,MN76,0,2026-06,65
Italy,Mercedes,Mercedes,3-Series,BEV,E,Sedan,XC20,MN76,0,2026-07,37
Italy,Mercedes,Mercedes,3-Series,BEV,E,Sedan,XC20,MN76,0,2026-08,40
Italy,Mercedes,Mercedes,3-Series,BEV,E,Sedan,XC20,MN76,0,2026-09,69
Italy,Mercedes,Mercedes,3-Series,BEV,E,Sedan,XC20,MN76,0,2026-10,7
Italy,Mercedes,Mercedes,3-Series,BEV,E,Sedan,XC20,MN76,0,2026-11,73
Italy,Mercedes,Mercedes,3-Series,BEV,E,Sedan,XC20,MN76,0,2026-12,66
Italy,Mercedes,Mercedes,3-Series,BEV,E,Sedan,XC20,MN76,0,2027-01,10
Italy,Mercedes,Mercedes,3-Series,BEV,E,Sedan,XC20,MN76,0,2027-02,87
Italy,Mercedes,Mercedes,3-Series,BEV,E,Sedan,XC20,MN76,0,2027-03,64
Italy,Mercedes,Mercedes,3-Series,BEV,E,Sedan,XC20,MN76,0,2027-04,79
Italy,Mercedes,Mercedes,3-Series,BEV,E,Sedan,XC20,MN76,0,2027-05,68
Italy,Mercedes,Mercedes,3-Series,BEV,E,Sedan,XC20,MN76,0,2027-06,8
Italy,Mercedes,Mercedes,3-Series,BEV,E,Sedan,XC20,MN76,0,2027-07,23
Italy,Mercedes,Mercedes,3-Series,BEV,E,Sedan,XC20,MN76,0,2027-08,53
Italy,Mercedes,Mercedes,3-Series,BEV,E,Sedan,XC20,MN76,0,2027-09,65
Italy,Mercedes,Mercedes,3-Series,BEV,E,Sedan,XC20,MN76,0,2027-10,100
Italy,Mercedes,Mercedes,3-Series,BEV,E,Sedan,XC20,MN76,0,2027-11,65
Italy,Mercedes,Mercedes,3-Series,BEV,E,Sedan,XC20,MN76,0,2027-12,45
